availability_target_fraction,availability_relation,availability_slope,model_quality,score_noise_sd,expected_score_latent_correlation,nominal_fraction,mean_realized_available_fraction,sd_realized_available_fraction,q025_realized_available_fraction,q975_realized_available_fraction,mean_event_availability_ceiling,sd_event_availability_ceiling,q025_event_availability_ceiling,q975_event_availability_ceiling,mean_naive_top_fraction_effect,sd_naive_top_fraction_effect,q025_naive_top_fraction_effect,q975_naive_top_fraction_effect,mean_availability_effect_at_all_budget,sd_availability_effect_at_all_budget,q025_availability_effect_at_all_budget,q975_availability_effect_at_all_budget,mean_capacity_effect_within_available_subset,sd_capacity_effect_within_available_subset,q025_capacity_effect_within_available_subset,q975_capacity_effect_within_available_subset,mean_distortion_top_fraction_minus_fixed_budget,sd_distortion_top_fraction_minus_fixed_budget,q025_distortion_top_fraction_minus_fixed_budget,q975_distortion_top_fraction_minus_fixed_budget,mean_naive_delta_true_positive_n,sd_naive_delta_true_positive_n,q025_naive_delta_true_positive_n,q975_naive_delta_true_positive_n,mean_availability_delta_true_positive_n,sd_availability_delta_true_positive_n,q025_availability_delta_true_positive_n,q975_availability_delta_true_positive_n,mean_capacity_delta_true_positive_n,sd_capacity_delta_true_positive_n,q025_capacity_delta_true_positive_n,q975_capacity_delta_true_positive_n,max_abs_identity_error,max_abs_tp_identity_error,replicates
0.5,higher_risk_less_available,-1.0,good,0.5,0.8944271909999159,0.05,0.5002464999999998,0.0016309731711001527,0.49750700000000003,0.50323825,0.3337274958562624,0.0044128850965869685,0.3271726699832806,0.3432987904203981,0.11360792908124098,0.003407510688498994,0.1074931337155359,0.11965221156089419,0.07695048817381835,0.0038237615908102594,0.06947734642543384,0.08352702252664465,0.036657440907422637,0.0018295273753145618,0.03362016944242095,0.04008192438253273,0.036657440907422637,0.0018295273753145616,0.033620169442420945,0.04008192438253273,1134.18,34.698522659437174,1071.375,1198.35,768.21,38.29716211761161,690.95,830.0999999999999,365.97,18.520234634288272,334.425,402.0,6.938893903907228e-18,0,100
0.5,higher_risk_less_available,-1.0,good,0.5,0.8944271909999159,0.1,0.5002464999999998,0.0016309731711001527,0.49750700000000003,0.50323825,0.3337274958562624,0.0044128850965869685,0.3271726699832806,0.3432987904203981,0.19108384633647046,0.004315133625794309,0.18372983649218136,0.19862240172850376,0.13544864259769474,0.005043101267469587,0.12592852981786226,0.14404790062547826,0.055635203738775695,0.0022797933445747017,0.052101106629394,0.0598613837273008,0.05563520373877569,0.002279793344574702,0.052101106629394,0.05986138372730079,1907.63,43.92915669667252,1823.275,1991.625,1352.21,50.62085149481986,1247.65,1434.4999999999998,555.42,22.93653078485158,519.475,598.525,1.3877787807814457e-17,0,100
0.5,higher_risk_less_available,-1.0,good,0.5,0.8944271909999159,0.2,0.5002464999999998,0.0016309731711001527,0.49750700000000003,0.50323825,0.3337274958562624,0.0044128850965869685,0.3271726699832806,0.3432987904203981,0.3086277434344095,0.0057219601596579595,0.2995850523218663,0.3204201646574625,0.23040908117380038,0.00670834797630649,0.21902361126654524,0.2444900989093783,0.07821866226060915,0.002790466539435567,0.07342964658855099,0.08322737575262891,0.07821866226060914,0.0027904665394355675,0.07342964658855097,0.08322737575262892,3081.19,63.566348857478886,2960.7,3222.6749999999997,2300.29,69.99297150861693,2171.225,2435.7,780.9,28.763929431905446,729.375,829.525,2.7755575615628914e-17,0,100
0.5,higher_risk_less_available,-1.0,medium,1.0,0.7071067811865475,0.05,0.5002464999999998,0.0016309731711001527,0.49750700000000003,0.50323825,0.3337274958562624,0.0044128850965869685,0.3271726699832806,0.3432987904203981,0.09231603361887589,0.0027932467241262304,0.08767899390815757,0.09723900386116098,0.060589965238393405,0.003124747346217191,0.05429844051242298,0.06638386512666736,0.03172606838048248,0.0016258743895161299,0.02875073713080873,0.034701355612107326,0.03172606838048248,0.0016258743895161294,0.02875073713080873,0.034701355612107326,921.6,27.83428595720527,867.85,971.05,604.85,30.661519660297134,538.95,664.15,316.75,16.69837892089704,288.425,344.525,6.938893903907228e-18,0,100
0.5,higher_risk_less_available,-1.0,medium,1.0,0.7071067811865475,0.1,0.5002464999999998,0.0016309731711001527,0.49750700000000003,0.50323825,0.3337274958562624,0.0044128850965869685,0.3271726699832806,0.3432987904203981,0.1595168886095478,0.003983847597540777,0.15287578632367002,0.16687837376550535,0.10845019122311493,0.004978204244308411,0.1004014470859967,0.11815580217088789,0.05106669738643286,0.002215827750685145,0.047350226076061035,0.05509284666448555,0.05106669738643286,0.0022158277506851443,0.047350226076061035,0.055092846664485544,1592.49,40.37113054917068,1513.7,1677.0749999999998,1082.68,49.88489376818023,994.9,1170.525,509.81,22.25730841269397,474.475,550.525,1.3877787807814457e-17,0,100
0.5,higher_risk_less_available,-1.0,medium,1.0,0.7071067811865475,0.2,0.5002464999999998,0.0016309731711001527,0.49750700000000003,0.50323825,0.3337274958562624,0.0044128850965869685,0.3271726699832806,0.3432987904203981,0.2681907289393449,0.005452233185897047,0.2587047463676139,0.2807246319130232,0.1898463166823815,0.00610777987510326,0.17770903627498016,0.20275191710311882,0.07834441225696345,0.002450726234922359,0.07434664921057085,0.08288574238050858,0.07834441225696344,0.0024507262349223588,0.07434664921057085,0.08288574238050858,2677.5,60.16467301322163,2541.0,2796.2,1895.36,64.05813647371306,1761.15,2009.1499999999999,782.14,25.058323885679105,740.0,827.0,2.7755575615628914e-17,0,100
0.5,higher_risk_less_available,-1.0,weak,2.0,0.4472135954999579,0.05,0.5002464999999998,0.0016309731711001527,0.49750700000000003,0.50323825,0.3337274958562624,0.0044128850965869685,0.3271726699832806,0.3432987904203981,0.06646718692620995,0.0023234133802037117,0.06232683726368103,0.07116026514512201,0.040975293534546084,0.002666300154973254,0.0362459884795747,0.04583595187392701,0.025491893391663866,0.0012043593994923722,0.02317328774639242,0.027479952703278167,0.02549189339166387,0.0012043593994923722,0.02317328774639242,0.027479952703278163,663.57,23.75857314696735,623.475,709.0999999999999,409.05,26.461092077603183,362.475,457.04999999999995,254.52,12.67023873077968,229.95,273.0,6.938893903907228e-18,0,100
0.5,higher_risk_less_available,-1.0,weak,2.0,0.4472135954999579,0.1,0.5002464999999998,0.0016309731711001527,0.49750700000000003,0.50323825,0.3337274958562624,0.0044128850965869685,0.3271726699832806,0.3432987904203981,0.1205818229866732,0.0031482861139205125,0.11552607306567693,0.12664832470587678,0.07590854813830493,0.003750480918457327,0.0689601614508585,0.0831064178930911,0.04467327484836827,0.0018548764830066135,0.0411348395983654,0.047931189175686895,0.04467327484836827,0.0018548764830066148,0.041134839598365405,0.0479311891756869,1203.82,32.84256292365045,1136.425,1259.575,757.82,37.778295302456364,689.95,831.525,446.0,19.0496427496394,410.75,477.575,1.3877787807814457e-17,0,100
0.5,higher_risk_less_available,-1.0,weak,2.0,0.4472135954999579,0.2,0.5002464999999998,0.0016309731711001527,0.49750700000000003,0.50323825,0.3337274958562624,0.0044128850965869685,0.3271726699832806,0.3432987904203981,0.21380926794975608,0.0043327898511805,0.20611539316609168,0.22252388649172317,0.13807534920956108,0.004986144659940775,0.12920869949843355,0.14729383987081915,0.07573391874019503,0.0025451682852232044,0.07112264614654484,0.08131484243018579,0.07573391874019503,0.0025451682852232044,0.07112264614654484,0.0813148424301858,2134.6,48.71292944331613,2034.375,2227.0,1378.53,52.66483598659498,1275.75,1484.4499999999998,756.07,25.747905671425908,708.325,814.3,1.3877787807814457e-17,0,100
0.5,higher_risk_more_available,1.0,good,0.5,0.8944271909999159,0.05,0.4998516,0.0014397921567175734,0.49716325,0.50251725,0.6665583367532322,0.004532176285414401,0.6568240752777524,0.675078206457166,0.07164265384631192,0.002275333215532287,0.0675812930263548,0.07594267498824539,0.0020078606819036574,0.0016028404345517567,-0.0011709201752605916,0.004784342324957826,0.06963479316440827,0.0023480419519127382,0.06528376024167346,0.07391983032217318,0.06963479316440827,0.0023480419519127382,0.06528376024167346,0.07391983032217318,715.24,23.420667726768094,669.425,760.0999999999999,20.03,15.99397298100668,-11.625,47.62499999999996,695.21,24.54609969223237,645.95,741.625,0.0,0,100
0.5,higher_risk_more_available,1.0,good,0.5,0.8944271909999159,0.1,0.4998516,0.0014397921567175734,0.49716325,0.50251725,0.6665583367532322,0.004532176285414401,0.6568240752777524,0.675078206457166,0.11623330176331109,0.0030165809304775215,0.11125958487906595,0.12247965843084742,0.006233341179203809,0.002492659683192373,0.000735313961983218,0.010700296578004106,0.10999996058410728,0.003003588886048351,0.10461310375830013,0.11690381293100148,0.10999996058410728,0.003003588886048351,0.10461310375830013,0.11690381293100148,1160.36,29.737070019309794,1108.0,1217.1499999999999,62.17,24.747637373203034,7.375,107.19999999999993,1098.19,31.753372524295223,1042.95,1169.0,0.0,0,100
0.5,higher_risk_more_available,1.0,good,0.5,0.8944271909999159,0.2,0.4998516,0.0014397921567175734,0.49716325,0.50251725,0.6665583367532322,0.004532176285414401,0.6568240752777524,0.675078206457166,0.1795277417947176,0.0035348845228902956,0.17282792931957228,0.18725832041756565,0.020048508080836296,0.0038285690523157845,0.012035776580586192,0.026976463191645355,0.15947923371388129,0.0032643822863912693,0.15399802030440093,0.16511103093505186,0.15947923371388129,0.0032643822863912693,0.15399802030440093,0.16511103093505186,1792.29,37.44579786541846,1701.425,1871.25,200.14,38.172394700512534,120.9,268.15,1592.15,35.00140689813032,1527.475,1655.925,0.0,0,100
0.5,higher_risk_more_available,1.0,medium,1.0,0.7071067811865475,0.05,0.4998516,0.0014397921567175734,0.49716325,0.50251725,0.6665583367532322,0.004532176285414401,0.6568240752777524,0.675078206457166,0.057251644293637625,0.0020590156832758196,0.053940402300575896,0.06084244476444195,-0.0028917157109228596,0.0018331021065020317,-0.00601342005270831,0.00041521794219172823,0.060143360004560484,0.001881735616810168,0.057090688634822265,0.06334844879889459,0.060143360004560484,0.001881735616810168,0.057090688634822265,0.06334844879889459,571.55,20.587028867123042,536.95,605.05,-28.89,18.344016171300364,-60.525,4.149999999999949,600.44,19.522232857887328,569.425,632.05,0.0,0,100
0.5,higher_risk_more_available,1.0,medium,1.0,0.7071067811865475,0.1,0.4998516,0.0014397921567175734,0.49716325,0.50251725,0.6665583367532322,0.004532176285414401,0.6568240752777524,0.675078206457166,0.09609501743764737,0.0027468571239146985,0.09164722074904665,0.10198293933853088,-0.0040634329787518405,0.0028054646159779394,-0.00912137374431303,0.0009605163853796448,0.10015845041639922,0.003040534932266376,0.09445313725001721,0.10646571088388077,0.10015845041639922,0.003040534932266376,0.09445313725001721,0.10646571088388077,959.34,27.819119941929046,913.9,1012.675,-40.59,28.082524491544234,-91.525,9.624999999999957,999.93,31.523361547149808,930.175,1058.1,0.0,0,100
0.5,higher_risk_more_available,1.0,medium,1.0,0.7071067811865475,0.2,0.4998516,0.0014397921567175734,0.49716325,0.50251725,0.6665583367532322,0.004532176285414401,0.6568240752777524,0.675078206457166,0.15579831142360254,0.003432880407804025,0.14959965131465205,0.16300551015719011,-0.001539634936971422,0.0038518123857823063,-0.008130859961896286,0.005275872160938007,0.15733794636057394,0.004141855071829264,0.14784263911720338,0.16406082425650398,0.15733794636057394,0.004141855071829264,0.14784263911720338,0.16406082425650398,1555.43,37.590632564053195,1470.425,1613.725,-15.36,38.48665517114505,-81.1,52.19999999999993,1570.79,43.917575460667614,1475.85,1649.1,0.0,0,100
0.5,higher_risk_more_available,1.0,weak,2.0,0.4472135954999579,0.05,0.4998516,0.0014397921567175734,0.49716325,0.50251725,0.6665583367532322,0.004532176285414401,0.6568240752777524,0.675078206457166,0.03922600322477315,0.0018374172402253486,0.035965943555495795,0.042662008990348325,-0.009744279554426914,0.0019131849547069544,-0.013268337656512386,-0.005616286555740893,0.04897028277920007,0.0017417329771590867,0.046034060624591346,0.05192491881383219,0.04897028277920007,0.0017417329771590867,0.046034060624591346,0.05192491881383219,391.6,18.378182058015852,359.0,424.525,-97.3,19.205691496496186,-133.05,-55.95000000000002,488.9,18.039518907782504,455.475,517.525,0.0,0,100
0.5,higher_risk_more_available,1.0,weak,2.0,0.4472135954999579,0.1,0.4998516,0.0014397921567175734,0.49716325,0.50251725,0.6665583367532322,0.004532176285414401,0.6568240752777524,0.675078206457166,0.06991484965354691,0.00242133305954598,0.06564498022217433,0.07532227706574954,-0.01764638295142975,0.002741469218743941,-0.023013356928553497,-0.012195740928615233,0.08756123260497667,0.0025341993706867673,0.0832399885468901,0.09277240248758585,0.08756123260497667,0.0025341993706867673,0.0832399885468901,0.09277240248758585,697.99,24.82524578494296,648.425,750.0999999999999,-176.2,27.58824226207808,-231.1,-121.90000000000003,874.19,27.193914574753485,823.95,927.05,0.0,0,100
0.5,higher_risk_more_available,1.0,weak,2.0,0.4472135954999579,0.2,0.4998516,0.0014397921567175734,0.49716325,0.50251725,0.6665583367532322,0.004532176285414401,0.6568240752777524,0.675078206457166,0.1203684476548295,0.0027539829414335243,0.11621512754520588,0.12635909156752378,-0.030449284583418078,0.004093277963615891,-0.03735179670154609,-0.022844813860869142,0.15081773223824757,0.0037480776474885687,0.14421531088214043,0.1580689585914074,0.15081773223824757,0.0037480776474885687,0.14421531088214043,0.1580689585914074,1201.71,29.854629270665693,1153.0,1257.575,-303.95,40.65384174324548,-376.575,-226.95000000000002,1505.66,38.684483878285015,1438.95,1582.1499999999999,0.0,0,100
0.5,risk_independent,0.0,good,0.5,0.8944271909999159,0.05,0.500004,0.00148725358709375,0.4973585,0.5027495,0.5003147766431847,0.004916178531935806,0.4917886715951178,0.5108267245843088,0.08430420198632946,0.002475609676929548,0.07998820235744701,0.08909922826139512,0.02719422191072626,0.0031040858089990734,0.02148599874841354,0.03431187839831279,0.05710998007560319,0.002142976358438741,0.05266883777493728,0.06092943970510321,0.05710998007560319,0.002142976358438741,0.05266883777493728,0.06092943970510321,841.63,25.145096114070803,794.475,889.8249999999999,271.49,31.094023265384667,215.225,340.92499999999984,570.14,21.555200455265236,528.85,608.525,0.0,0,100
0.5,risk_independent,0.0,good,0.5,0.8944271909999159,0.1,0.500004,0.00148725358709375,0.4973585,0.5027495,0.5003147766431847,0.004916178531935806,0.4917886715951178,0.5108267245843088,0.14134468785282256,0.003253030838192831,0.13583013491366874,0.1477995429999257,0.05465585533028527,0.003798536248552592,0.04642381652278915,0.06154389254081528,0.08668883252253727,0.0024653049118104143,0.08259588961893019,0.09146383996638766,0.08668883252253727,0.0024653049118104143,0.08259588961893019,0.09146383996638766,1411.08,33.36261743964706,1354.225,1484.6999999999998,545.59,37.28950213796062,464.425,608.5749999999999,865.49,26.862724351710117,810.9,915.0,0.0,0,100
0.5,risk_independent,0.0,good,0.5,0.8944271909999159,0.2,0.500004,0.00148725358709375,0.4973585,0.5027495,0.5003147766431847,0.004916178531935806,0.4917886715951178,0.5108267245843088,0.22789645585163051,0.004017674567457813,0.22101019349196468,0.2360611660055621,0.109374464610505,0.005944506749245574,0.09814442362250282,0.12098916280300023,0.11852199124112549,0.0035015205870055546,0.11315591737991385,0.12461824963499933,0.11852199124112549,0.0035015205870055546,0.11315591737991385,0.12461824963499933,2275.18,43.699936435244894,2200.0,2361.875,1091.95,60.367121796052146,980.95,1209.7749999999999,1183.23,35.42608038884872,1132.425,1253.05,0.0,0,100
0.5,risk_independent,0.0,medium,1.0,0.7071067811865475,0.05,0.500004,0.00148725358709375,0.4973585,0.5027495,0.5003147766431847,0.004916178531935806,0.4917886715951178,0.5108267245843088,0.06775952439950376,0.002291397648904644,0.0639329553178087,0.07149720390387314,0.01839771807246004,0.003004215762474403,0.012918972454745109,0.02344527980504887,0.04936180632704372,0.001913218112769828,0.0453985192530474,0.05284513498138588,0.04936180632704372,0.001913218112769828,0.0453985192530474,0.05284513498138588,676.45,22.86692949756186,637.475,721.5749999999999,183.63,29.77683154685362,130.125,235.14999999999995,492.82,19.98958314581458,449.7,527.0,0.0,0,100
0.5,risk_independent,0.0,medium,1.0,0.7071067811865475,0.1,0.500004,0.00148725358709375,0.4973585,0.5027495,0.5003147766431847,0.004916178531935806,0.4917886715951178,0.5108267245843088,0.11735740307618339,0.0030880759351739418,0.11160547801397527,0.12411307263472161,0.03736261064130957,0.004065820916532022,0.028947444784660947,0.04626808766502542,0.0799947924348738,0.002789968289655148,0.07538005456509086,0.08566529504531689,0.0799947924348738,0.002789968289655148,0.07538005456509086,0.08566529504531689,1171.59,30.755173663478267,1111.475,1235.8749999999998,372.94,40.09403593019437,291.9,458.62499999999994,798.65,29.357557146604712,745.375,854.525,1.3877787807814457e-17,0,100
0.5,risk_independent,0.0,medium,1.0,0.7071067811865475,0.2,0.500004,0.00148725358709375,0.4973585,0.5027495,0.5003147766431847,0.004916178531935806,0.4917886715951178,0.5108267245843088,0.19717854769909438,0.0038520020167717027,0.19060093554821542,0.205613944094456,0.078292646594505,0.005025747127902066,0.0699785544122133,0.08672437466975826,0.11888590110458935,0.0026592839277487577,0.11329224229058832,0.12432868642775,0.11888590110458935,0.0026592839277487577,0.11329224229058832,0.12432868642775,1968.51,41.155407612579616,1904.9,2046.575,781.65,50.935367046499394,695.275,865.3999999999999,1186.86,27.052519067155057,1135.75,1239.1999999999998,0.0,0,100
0.5,risk_independent,0.0,weak,2.0,0.4472135954999579,0.05,0.500004,0.00148725358709375,0.4973585,0.5027495,0.5003147766431847,0.004916178531935806,0.4917886715951178,0.5108267245843088,0.04864788700146953,0.0019091418973869974,0.04593889749687525,0.052527858930387306,0.008932336848957778,0.002456401676714672,0.0038987340879367617,0.013444350020957408,0.03971555015251174,0.0017348768730322205,0.03658835798943867,0.043089171795926993,0.03971555015251174,0.0017348768730322205,0.03658835798943867,0.043089171795926993,485.65,18.85584602432172,455.9,523.675,89.14,24.38413957116926,39.375,134.575,396.51,17.905754957724085,362.95,433.04999999999995,0.0,0,100
0.5,risk_independent,0.0,weak,2.0,0.4472135954999579,0.1,0.500004,0.00148725358709375,0.4973585,0.5027495,0.5003147766431847,0.004916178531935806,0.4917886715951178,0.5108267245843088,0.08858106986396534,0.0025977202024980786,0.08400771950435572,0.09402945723381544,0.019627836644446787,0.0034014654796489575,0.01245953558346447,0.026708737024716555,0.06895323321951854,0.0022135835620294814,0.06509009693376148,0.07346917258070243,0.06895323321951854,0.0022135835620294814,0.06509009693376148,0.07346917258070243,884.33,26.447987836621156,828.0,946.8249999999999,195.92,33.8068428910868,125.425,266.525,688.41,23.37359945569256,645.0,733.675,0.0,0,100
0.5,risk_independent,0.0,weak,2.0,0.4472135954999579,0.2,0.500004,0.00148725358709375,0.4973585,0.5027495,0.5003147766431847,0.004916178531935806,0.4917886715951178,0.5108267245843088,0.15761409096561732,0.0033935759141231836,0.15091419867831288,0.163737400393803,0.042302133720988254,0.004649959721535719,0.03340968407362807,0.052791810716510505,0.11531195724462905,0.0029607084511169223,0.10947762270498841,0.12093499385579749,0.11531195724462905,0.0029607084511169223,0.10947762270498841,0.12093499385579749,1573.55,37.02043525220397,1499.225,1642.525,422.35,46.77074433075151,333.8,524.5749999999999,1151.2,30.65513617222037,1087.375,1212.1999999999998,0.0,0,100
0.7,higher_risk_less_available,-1.0,good,0.5,0.8944271909999159,0.05,0.7001311999999998,0.0013386419169509754,0.6978489999999999,0.70266775,0.5422816657110628,0.004552585989274422,0.5331772841111645,0.5504267502491129,0.08132456519774602,0.0032082771096654567,0.0750602358330958,0.08631663746345049,0.05408180826550429,0.0034481168110484742,0.046962025440222224,0.060196153530405146,0.027242756932241714,0.0013278332973786118,0.0246681647390358,0.029655027843501852,0.027242756932241714,0.0013278332973786118,0.0246681647390358,0.029655027843501852,811.91,33.05003705739147,746.475,867.15,539.9,34.440550447858925,471.425,595.5749999999999,272.01,14.085951881361813,241.9,299.62499999999994,0.0,0,100
0.7,higher_risk_less_available,-1.0,good,0.5,0.8944271909999159,0.1,0.7001311999999998,0.0013386419169509754,0.6978489999999999,0.70266775,0.5422816657110628,0.004552585989274422,0.5331772841111645,0.5504267502491129,0.1357825694586371,0.003914482766991962,0.12839580070615564,0.14302546166551314,0.0932759526013227,0.004535178240856752,0.08456096542893789,0.1017009735734801,0.0425066168573144,0.0017808437435970375,0.03919580407248261,0.04576519329026921,0.0425066168573144,0.0017808437435970375,0.03919580407248261,0.04576519329026921,1355.55,39.73888892419229,1281.475,1434.575,931.18,45.22097930935341,846.475,1018.0,424.37,18.28376494614992,389.95,461.525,0.0,0,100
0.7,higher_risk_less_available,-1.0,good,0.5,0.8944271909999159,0.2,0.7001311999999998,0.0013386419169509754,0.6978489999999999,0.70266775,0.5422816657110628,0.004552585989274422,0.5331772841111645,0.5504267502491129,0.21767976090697125,0.005254812624976385,0.20963188672972533,0.2281262088584511,0.15622655166940547,0.006155241228600978,0.14520975282287926,0.16790763522812518,0.06145320923756582,0.0024424327911389014,0.05611953022939739,0.06617130003193042,0.06145320923756582,0.0024424327911389014,0.05611953022939739,0.06617130003193042,2173.21,56.10763375563584,2070.125,2289.1,1559.69,63.08607155499877,1450.475,1684.7749999999999,613.52,25.084696932632458,563.95,662.5749999999999,0.0,0,100
0.7,higher_risk_less_available,-1.0,medium,1.0,0.7071067811865475,0.05,0.7001311999999998,0.0013386419169509754,0.6978489999999999,0.70266775,0.5422816657110628,0.004552585989274422,0.5331772841111645,0.5504267502491129,0.06669296208115279,0.0028462392159247997,0.06158006000228799,0.07219917359198173,0.04355591284363292,0.002980403514559352,0.038495505156981566,0.049241843685966624,0.023137049237519868,0.0011119089391206853,0.020765040154979205,0.025165468200703096,0.023137049237519865,0.0011119089391206855,0.020765040154979205,0.025165468200703096,665.81,28.579393226094165,618.325,721.625,434.81,29.55894470581134,381.425,492.04999999999995,231.0,11.51547048999999,208.0,251.52499999999998,6.938893903907228e-18,0,100
0.7,higher_risk_less_available,-1.0,medium,1.0,0.7071067811865475,0.1,0.7001311999999998,0.0013386419169509754,0.6978489999999999,0.70266775,0.5422816657110628,0.004552585989274422,0.5331772841111645,0.5504267502491129,0.11428343996762491,0.0036249383298799748,0.10748251944530247,0.12227594437914566,0.07576867434752074,0.004196796186763179,0.06645462056093841,0.08488696016944895,0.038514765620104176,0.0018831977783780609,0.03496896684102642,0.0420342952265942,0.038514765620104176,0.0018831977783780609,0.03496896684102642,0.0420342952265942,1140.92,36.70072247658117,1080.375,1221.925,756.38,41.476969391446495,671.9,847.7249999999999,384.54,19.62034606723286,350.475,421.525,0.0,0,100
0.7,higher_risk_less_available,-1.0,medium,1.0,0.7071067811865475,0.2,0.7001311999999998,0.0013386419169509754,0.6978489999999999,0.70266775,0.5422816657110628,0.004552585989274422,0.5331772841111645,0.5504267502491129,0.19011380014028753,0.00463255962713192,0.1810513961236621,0.19862943629476945,0.13016770330703528,0.005644489170385496,0.1182668306973671,0.140712054070752,0.05994609683325228,0.002301654779480211,0.05570327267918446,0.06476694359058036,0.05994609683325228,0.002301654779480211,0.05570327267918446,0.06476694359058036,1898.04,50.73837031500147,1806.0,1994.525,1299.55,58.010339552096184,1180.175,1401.4999999999998,598.49,24.058638382254323,558.425,643.525,0.0,0,100
0.7,higher_risk_less_available,-1.0,weak,2.0,0.4472135954999579,0.05,0.7001311999999998,0.0013386419169509754,0.6978489999999999,0.70266775,0.5422816657110628,0.004552585989274422,0.5331772841111645,0.5504267502491129,0.047595225154558544,0.0022587128142301563,0.04369537806661176,0.052439970526932826,0.029225622411381314,0.002461342838952193,0.025469537500037127,0.034573187932618564,0.018369602743177237,0.0012191915355184272,0.01634014957297339,0.021116502052837185,0.018369602743177237,0.0012191915355184272,0.01634014957297339,0.021116502052837185,475.17,22.95936463063436,436.475,519.1999999999999,291.76,24.52132446535777,254.475,344.67499999999995,183.41,12.513503816988182,161.0,210.09999999999997,0.0,0,100
0.7,higher_risk_less_available,-1.0,weak,2.0,0.4472135954999579,0.1,0.7001311999999998,0.0013386419169509754,0.6978489999999999,0.70266775,0.5422816657110628,0.004552585989274422,0.5331772841111645,0.5504267502491129,0.08572748167565786,0.002898310821268748,0.08049437177168373,0.09266049712165057,0.05337402508288592,0.0031104843098126605,0.04795740509987253,0.06027275743256726,0.032353456592771945,0.0017077163247683643,0.029583269210212548,0.03565098038505817,0.032353456592771945,0.0017077163247683643,0.029583269210212548,0.03565098038505817,855.86,29.88057711773467,794.425,918.675,532.84,31.105139398011012,481.9,597.625,323.02,17.62801947772553,292.475,356.525,0.0,0,100
0.7,higher_risk_less_available,-1.0,weak,2.0,0.4472135954999579,0.2,0.7001311999999998,0.0013386419169509754,0.6978489999999999,0.70266775,0.5422816657110628,0.004552585989274422,0.5331772841111645,0.5504267502491129,0.15110803992667787,0.004027150360081865,0.1431936217868432,0.15810811063663155,0.09519854493499931,0.00471311650776086,0.08708018470057044,0.10277577328201645,0.05590949499167856,0.0022575181958884877,0.05099344980737338,0.05999607821700742,0.05590949499167856,0.0022575181958884877,0.05099344980737338,0.05999607821700742,1508.63,43.91604823898996,1426.975,1590.1499999999999,950.43,48.14734434708489,864.375,1026.05,558.2,23.71761481526447,506.7,601.05,0.0,0,100
0.7,higher_risk_more_available,1.0,good,0.5,0.8944271909999159,0.05,0.7000363999999999,0.00158020361812884,0.696429,0.702597,0.8288756835164931,0.003763246119433594,0.8220703619082088,0.8348949553124522,0.04136095269273971,0.0016717896871663305,0.038222608730296065,0.044391021110107544,0.0006813610850490353,0.0009879361134248665,-0.001047089821779834,0.002552851718546036,0.04067959160769068,0.0017638568095633238,0.03745413632997263,0.04404451686464115,0.04067959160769068,0.0017638568095633238,0.03745413632997263,0.04404451686464115,412.93,17.154234980837174,380.9,443.04999999999995,6.79,9.858898457123837,-10.525,25.52499999999999,406.14,18.3170837077182,371.8,439.04999999999995,0.0,0,100
0.7,higher_risk_more_available,1.0,good,0.5,0.8944271909999159,0.1,0.7000363999999999,0.00158020361812884,0.696429,0.702597,0.8288756835164931,0.003763246119433594,0.8220703619082088,0.8348949553124522,0.06626689780176874,0.0022957633180389534,0.06194128427208519,0.07094109210994805,0.001927696289399885,0.0016863898822792754,-0.0016853868094262147,0.004608480015834837,0.06433920151236885,0.0022388093942508082,0.06039232655129229,0.06865196806554778,0.06433920151236885,0.0022388093942508082,0.06039232655129229,0.06865196806554778,661.53,22.372627124333082,622.0,704.675,19.2,16.811491980971308,-17.05,46.0,642.33,23.088785593920267,600.325,686.2499999999999,0.0,0,100
0.7,higher_risk_more_available,1.0,good,0.5,0.8944271909999159,0.2,0.7000363999999999,0.00158020361812884,0.696429,0.702597,0.8288756835164931,0.003763246119433594,0.8220703619082088,0.8348949553124522,0.10059408443772778,0.002748949043788795,0.09475757485357053,0.10480385221314718,0.006549659495557385,0.0023453656439553832,0.0021153973592642496,0.01093869753439224,0.09404442494217037,0.0027839373794540686,0.0886268748012426,0.09941034148561434,0.09404442494217037,0.0027839373794540686,0.0886268748012426,0.09941034148561434,1004.25,27.80428533209014,952.85,1055.525,65.36,23.360814985091523,20.95,109.19999999999993,938.89,28.95342655180746,880.95,994.675,0.0,0,100
0.7,higher_risk_more_available,1.0,medium,1.0,0.7071067811865475,0.05,0.7000363999999999,0.00158020361812884,0.696429,0.702597,0.8288756835164931,0.003763246119433594,0.8220703619082088,0.8348949553124522,0.0330958203933852,0.0017061744473675028,0.03011252918956627,0.035796349926664896,-0.0014616311509192581,0.0011464856849868021,-0.003932486555388784,0.0006072060155224018,0.03455745154430446,0.0017488540025327756,0.031734431853727756,0.03798551279178586,0.03455745154430446,0.0017488540025327756,0.031734431853727756,0.03798551279178586,330.39,16.877990569275884,300.475,358.0,-14.61,11.498699970435833,-39.15,6.099999999999966,345.0,17.64921951517827,314.0,380.525,0.0,0,100
0.7,higher_risk_more_available,1.0,medium,1.0,0.7071067811865475,0.1,0.7000363999999999,0.00158020361812884,0.696429,0.702597,0.8288756835164931,0.003763246119433594,0.8220703619082088,0.8348949553124522,0.055229188155677796,0.0021751176593184434,0.05102951819177381,0.059281512057625795,-0.002780576452209225,0.00170554898165895,-0.006264996049222732,0.0004076783996545809,0.058009764607887024,0.0022396648112145644,0.05393231856977858,0.06269783729530036,0.058009764607887024,0.0022396648112145644,0.05393231856977858,0.06269783729530036,551.33,20.958378667340572,508.85,589.05,-27.78,17.059361599480155,-62.525,4.049999999999983,579.11,22.122658524734774,531.85,625.5749999999999,0.0,0,100
0.7,higher_risk_more_available,1.0,medium,1.0,0.7071067811865475,0.2,0.7000363999999999,0.00158020361812884,0.696429,0.702597,0.8288756835164931,0.003763246119433594,0.8220703619082088,0.8348949553124522,0.08788368319907404,0.002622693540454441,0.08265170231365117,0.09291502176333635,-0.0032397460528124982,0.002536042863924385,-0.00781861076801676,0.0011652969519058728,0.09112342925188656,0.00304620937678712,0.08563663650600316,0.09702880922036602,0.09112342925188656,0.00304620937678712,0.08563663650600316,0.09702880922036602,877.37,26.69417331345717,815.425,928.0,-32.36,25.365020055664107,-78.1,11.524999999999991,909.73,31.355522446273927,843.0,967.525,0.0,0,100
0.7,higher_risk_more_available,1.0,weak,2.0,0.4472135954999579,0.05,0.7000363999999999,0.00158020361812884,0.696429,0.702597,0.8288756835164931,0.003763246119433594,0.8220703619082088,0.8348949553124522,0.022498195433498798,0.0013839192405615873,0.020221012966483033,0.025233803210575674,-0.0049462983245762565,0.0013333048424786522,-0.007472668404675802,-0.002765542111967584,0.027444493758075058,0.0014791885440240441,0.024909833629151296,0.030158687820367517,0.027444493758075058,0.0014791885440240441,0.024909833629151296,0.030158687820367517,224.59,13.619723517269675,203.0,252.52499999999998,-49.39,13.360498841470303,-74.575,-27.47500000000001,273.98,14.762756852938747,248.95,301.525,0.0,0,100
0.7,higher_risk_more_available,1.0,weak,2.0,0.4472135954999579,0.1,0.7000363999999999,0.00158020361812884,0.696429,0.702597,0.8288756835164931,0.003763246119433594,0.8220703619082088,0.8348949553124522,0.0395802712726957,0.001804539656010847,0.03594431576025223,0.042955839370264946,-0.009687910745679866,0.001880420679112507,-0.012900253426205485,-0.005483892094779423,0.04926818201837557,0.0019709535988147796,0.04574927506622943,0.0530313750770423,0.04926818201837557,0.0019709535988147796,0.04574927506622943,0.0530313750770423,395.13,17.95823156126685,358.475,430.525,-96.74,18.859726745880838,-129.0,-54.85000000000005,491.87,20.15929241583322,453.475,530.3,0.0,0,100
0.7,higher_risk_more_available,1.0,weak,2.0,0.4472135954999579,0.2,0.7000363999999999,0.00158020361812884,0.696429,0.702597,0.8288756835164931,0.003763246119433594,0.8220703619082088,0.8348949553124522,0.06709140086496282,0.0017890816204663036,0.06388603659675934,0.0704361209525369,-0.017413078491670984,0.0031215108876791933,-0.023187725533269057,-0.012008934502457845,0.0845044793566338,0.0030218950860574877,0.0786961698650661,0.08998607641757508,0.0845044793566338,0.0030218950860574877,0.0786961698650661,0.08998607641757508,669.8,18.59673046098114,634.475,705.625,-173.81,31.014071423510753,-233.1,-119.95000000000002,843.61,29.986493592612625,790.9,902.625,0.0,0,100
0.7,risk_independent,0.0,good,0.5,0.8944271909999159,0.05,0.700149,0.001363591884796492,0.69776425,0.70270125,0.700336483237888,0.004173265451880041,0.6931294843292987,0.7071531195702151,0.05045043148800219,0.0018964791888684343,0.046802030456852786,0.0540837680693521,0.013919762946434978,0.002418905739036405,0.009306823660209176,0.018239789571768156,0.03653066854156721,0.0016201220451756999,0.03314746899308915,0.03971512212482764,0.03653066854156721,0.0016201220451756999,0.03314746899308915,0.03971512212482764,503.66,19.175542082074607,461.475,540.5749999999999,138.97,24.219724410179623,92.9,183.14999999999995,364.69,16.18622372216072,329.9,398.04999999999995,0.0,0,100
0.7,risk_independent,0.0,good,0.5,0.8944271909999159,0.1,0.700149,0.001363591884796492,0.69776425,0.70270125,0.700336483237888,0.004173265451880041,0.6931294843292987,0.7071531195702151,0.08473450526650143,0.0024089054831043432,0.08037873387964495,0.08959092589660941,0.02783899820118718,0.003287104125352728,0.022555916584481472,0.0350272621604707,0.05689550706531425,0.0023864697879404364,0.05239086018112398,0.06116349622748977,0.05689550706531425,0.0023864697879404364,0.05239086018112398,0.06116349622748977,845.93,24.59664713949953,803.95,893.0999999999999,277.88,32.439307743364175,225.0,348.04999999999995,568.05,25.087875859695952,520.0,614.0,0.0,0,100
0.7,risk_independent,0.0,good,0.5,0.8944271909999159,0.2,0.700149,0.001363591884796492,0.69776425,0.70270125,0.700336483237888,0.004173265451880041,0.6931294843292987,0.7071531195702151,0.13654634780340053,0.0030180883666951885,0.13181085367927847,0.1421527988227888,0.056197761017547594,0.004411025248341418,0.04828361017315649,0.06410270927800787,0.08034858678585294,0.0029642778115664564,0.07487902555617276,0.08579312110571792,0.08034858678585294,0.0029642778115664564,0.07487902555617276,0.08579312110571792,1363.19,31.55168759193381,1305.425,1422.05,561.03,44.02856166653917,478.85,635.5749999999999,802.16,30.514682672213034,747.475,867.05,0.0,0,100
0.7,risk_independent,0.0,medium,1.0,0.7071067811865475,0.05,0.700149,0.001363591884796492,0.69776425,0.70270125,0.700336483237888,0.004173265451880041,0.6931294843292987,0.7071531195702151,0.0406040636566828,0.0018503581503562384,0.0374942075381595,0.044030827064320724,0.009461834908427306,0.0024073598292653022,0.005470060049509552,0.014225256554317074,0.031142228748255493,0.0014602250195687543,0.02843293595204742,0.03378778493940216,0.031142228748255493,0.0014602250195687543,0.02843293595204742,0.03378778493940216,405.36,18.57636164918233,373.9,442.8249999999999,94.44,23.992978770945268,54.425,141.77499999999992,310.92,15.090086383805332,283.9,341.09999999999997,0.0,0,100
0.7,risk_independent,0.0,medium,1.0,0.7071067811865475,0.1,0.700149,0.001363591884796492,0.69776425,0.70270125,0.700336483237888,0.004173265451880041,0.6931294843292987,0.7071531195702151,0.07043191073828231,0.0023812343123514397,0.06600883538448916,0.07535307470393224,0.019211167146023698,0.003059993918136244,0.012527699467263394,0.024936458250771256,0.051220743592258616,0.0022153398844853922,0.046719783603796146,0.05456371067434467,0.051220743592258616,0.0022153398844853922,0.046719783603796146,0.05456371067434467,703.13,23.819461951873883,659.375,750.3499999999999,191.77,30.45608031711941,125.475,246.67499999999995,511.36,22.529675155808672,466.475,546.0,0.0,0,100
0.7,risk_independent,0.0,medium,1.0,0.7071067811865475,0.2,0.700149,0.001363591884796492,0.69776425,0.70270125,0.700336483237888,0.004173265451880041,0.6931294843292987,0.7071531195702151,0.11834201170954063,0.002793808416639064,0.11328010576267236,0.12399827861207932,0.04032759209770341,0.004089143887189243,0.0330405478183861,0.04797392237060248,0.07801441961183724,0.0028625695304508167,0.07149240176642647,0.0836136837971641,0.07801441961183724,0.0028625695304508167,0.07149240176642647,0.0836136837971641,1181.46,29.49282398595744,1121.475,1237.525,402.63,41.17164244251305,328.9,482.525,778.83,28.7395321303376,716.85,838.05,0.0,0,100
0.7,risk_independent,0.0,weak,2.0,0.4472135954999579,0.05,0.700149,0.001363591884796492,0.69776425,0.70270125,0.700336483237888,0.004173265451880041,0.6931294843292987,0.7071531195702151,0.029145716274083355,0.001385113633522241,0.026566933868066737,0.03219253811450683,0.004489256446670317,0.0017650087964320956,0.000795986720137281,0.007992569424434846,0.024656459827413036,0.0012439303635327257,0.02242463321407775,0.026910745624900975,0.024656459827413036,0.0012439303635327257,0.02242463321407775,0.026910745624900975,290.96,13.707566295202579,265.375,320.09999999999997,44.8,17.586151576531098,7.8500000000000005,79.57499999999997,246.16,12.676806149082433,223.375,268.04999999999995,0.0,0,100
0.7,risk_independent,0.0,weak,2.0,0.4472135954999579,0.1,0.700149,0.001363591884796492,0.69776425,0.70270125,0.700336483237888,0.004173265451880041,0.6931294843292987,0.7071531195702151,0.0530676803561744,0.0019843544202671247,0.04931061217560173,0.05704981157774942,0.009664962753925668,0.002723678125029841,0.0048879636933980095,0.014902758447233693,0.04340271760224872,0.0017318275318126844,0.04017987405862644,0.0470528360713308,0.04340271760224872,0.0017318275318126844,0.04017987405862644,0.0470528360713308,529.79,20.05159758364818,491.475,566.0999999999999,96.48,27.17265410873828,49.0,148.04999999999998,433.31,17.697055053758454,399.475,469.15,0.0,0,100
0.7,risk_independent,0.0,weak,2.0,0.4472135954999579,0.2,0.700149,0.001363591884796492,0.69776425,0.70270125,0.700336483237888,0.004173265451880041,0.6931294843292987,0.7071531195702151,0.09458925822924716,0.00260550554407779,0.09053961620880346,0.09966565003782527,0.021344027576324275,0.0036679863680944445,0.014814804540576534,0.028836669295230866,0.07324523065292285,0.0025762385270970307,0.06782677614165078,0.07790113869262001,0.07324523065292285,0.0025762385270970307,0.06782677614165078,0.07790113869262001,944.35,27.978481991442184,895.0,1001.3,213.13,36.89013308720801,145.375,289.67499999999995,731.22,25.857253832485302,676.95,784.525,0.0,0,100
0.9,higher_risk_less_available,-1.0,good,0.5,0.8944271909999159,0.05,0.9000447999999999,0.0009388155873603239,0.89838025,0.9016705,0.8177605377480862,0.00358214473396389,0.8105071288757109,0.8236730636743275,0.03571103032926772,0.002526511735652615,0.030234466023324108,0.04023938454615291,0.024344722891103853,0.002633530173084099,0.018946040145355638,0.029107345004343265,0.01136630743816388,0.0008869299928909995,0.009847306932257462,0.013195968968351837,0.01136630743816388,0.0008869299928909995,0.009847306932257462,0.013195968968351837,356.53,25.564122191742538,299.0,404.575,243.06,26.529503302070044,188.475,288.0,113.47,8.837997625039396,97.95,131.52499999999998,0.0,0,100
0.9,higher_risk_less_available,-1.0,good,0.5,0.8944271909999159,0.1,0.9000447999999999,0.0009388155873603239,0.89838025,0.9016705,0.8177605377480862,0.00358214473396389,0.8105071288757109,0.8236730636743275,0.05826702755588047,0.003001651932221297,0.05147856571834384,0.0635782713851576,0.040210016889238656,0.003246030361941025,0.03399565062932652,0.0460469934593369,0.01805701066664181,0.0013131805671186473,0.015429885097165544,0.020145648392300326,0.01805701066664181,0.0013131805671186473,0.015429885097165544,0.020145648392300326,581.68,29.847044419943167,519.325,636.05,401.4,32.13073043651262,339.65,455.575,180.28,13.309888478613612,153.475,202.52499999999998,0.0,0,100
0.9,higher_risk_less_available,-1.0,good,0.5,0.8944271909999159,0.2,0.9000447999999999,0.0009388155873603239,0.89838025,0.9016705,0.8177605377480862,0.00358214473396389,0.8105071288757109,0.8236730636743275,0.0913784084414173,0.0036767615492429794,0.08419605057401122,0.09746821745957952,0.06523368805567047,0.003971536179077049,0.05717016936559399,0.07224313450985062,0.02614472038574683,0.0015565903757534048,0.023573752514976072,0.029470977954870674,0.02614472038574683,0.0015565903757534048,0.023573752514976072,0.029470977954870674,912.29,37.88453883615693,833.225,979.5749999999999,651.26,40.02111059090306,569.325,721.5749999999999,261.03,15.962364195415125,235.475,292.575,0.0,0,100
0.9,higher_risk_less_available,-1.0,medium,1.0,0.7071067811865475,0.05,0.9000447999999999,0.0009388155873603239,0.89838025,0.9016705,0.8177605377480862,0.00358214473396389,0.8105071288757109,0.8236730636743275,0.02961034944785186,0.002250550887140391,0.024869226481568057,0.03408280393386167,0.0202339571559498,0.002482588036519231,0.015567170379599642,0.024857986691792133,0.009376392291902062,0.0007863062377253956,0.008021388282124588,0.010932174796288054,0.009376392291902062,0.0007863062377253956,0.008021388282124588,0.010932174796288054,295.6,22.442294126415987,248.95,340.09999999999997,201.99,24.73597756019733,155.95,249.575,93.61,7.909711458298297,80.475,109.04999999999998,0.0,0,100
0.9,higher_risk_less_available,-1.0,medium,1.0,0.7071067811865475,0.1,0.9000447999999999,0.0009388155873603239,0.89838025,0.9016705,0.8177605377480862,0.00358214473396389,0.8105071288757109,0.8236730636743275,0.04964560900404973,0.002679087619897568,0.044385421932233285,0.054173740575943624,0.03388329807171618,0.0029844050495325593,0.027616204239880298,0.03946289849942894,0.015762310932333552,0.0010471851974598661,0.013597587156415968,0.01812662348831563,0.015762310932333552,0.0010471851974598661,0.013597587156415968,0.01812662348831563,495.64,27.170066714171412,438.5,542.7249999999999,338.27,29.886605560337426,272.8,392.09999999999997,157.37,10.659708905002702,136.475,183.0,0.0,0,100
0.9,higher_risk_less_available,-1.0,medium,1.0,0.7071067811865475,0.2,0.9000447999999999,0.0009388155873603239,0.89838025,0.9016705,0.8177605377480862,0.00358214473396389,0.8105071288757109,0.8236730636743275,0.08068069366028642,0.0030762535670767937,0.07441305475675812,0.08554944313331532,0.05570526328487405,0.0033910115964026727,0.0490278216859426,0.0612874474327847,0.024975430375412354,0.0014555781093970764,0.022312846703752054,0.027738955398937018,0.024975430375412354,0.0014555781093970764,0.022312846703752054,0.027738955398937018,805.49,31.907535286837934,744.475,857.5749999999999,556.14,34.356720484124246,493.475,613.525,249.35,14.837418572615315,221.95,278.04999999999995,0.0,0,100
0.9,higher_risk_less_available,-1.0,weak,2.0,0.4472135954999579,0.05,0.9000447999999999,0.0009388155873603239,0.89838025,0.9016705,0.8177605377480862,0.00358214473396389,0.8105071288757109,0.8236730636743275,0.020703725386917168,0.0014874767147724617,0.018313900560044814,0.023999206579277135,0.013301076836999555,0.001638760149334589,0.010834376253031528,0.017297455828301108,0.00740264854991762,0.0007475986749467175,0.0058891857160562906,0.0088905475695273,0.00740264854991762,0.0007475986749467175,0.0058891857160562906,0.0088905475695273,206.7,14.981807149157458,180.475,239.2999999999999,132.79,16.348660093985895,108.475,172.52499999999998,73.91,7.541260243527342,58.375,89.04999999999998,0.0,0,100
0.9,higher_risk_less_available,-1.0,weak,2.0,0.4472135954999579,0.1,0.9000447999999999,0.0009388155873603239,0.89838025,0.9016705,0.8177605377480862,0.00358214473396389,0.8105071288757109,0.8236730636743275,0.036831465843670086,0.0022412776157730535,0.03251259191856805,0.04133048060682872,0.02341652975454313,0.002478337294124253,0.018727333390261107,0.028097500900024656,0.013414936089126958,0.0011282904845138402,0.011130918994514231,0.015237832067145492,0.013414936089126958,0.0011282904845138402,0.011130918994514231,0.015237832067145492,367.72,22.790694539126218,322.95,412.575,233.77,24.69157423867175,188.0,279.525,133.95,11.577036657874839,109.475,153.0,0.0,0,100
0.9,higher_risk_less_available,-1.0,weak,2.0,0.4472135954999579,0.2,0.9000447999999999,0.0009388155873603239,0.89838025,0.9016705,0.8177605377480862,0.00358214473396389,0.8105071288757109,0.8236730636743275,0.06366240651307971,0.0025502101817480535,0.05932234355008062,0.06848456230880141,0.04084424540017386,0.003115077809299931,0.034307371857772384,0.04617727838640753,0.022818161112905834,0.0015071574597680514,0.020271461488321835,0.025964384406991958,0.022818161112905834,0.0015071574597680514,0.020271461488321835,0.025964384406991958,635.6,26.711326239910843,592.0,689.625,407.81,31.815660650476246,339.425,462.04999999999995,227.79,14.937780046823313,202.95,257.0,0.0,0,100
0.9,higher_risk_more_available,1.0,good,0.5,0.8944271909999159,0.05,0.8999608000000002,0.0009395643520893945,0.89827925,0.9015305,0.9526211323828232,0.0023371893221526985,0.9479167027686336,0.9565624511851748,0.013312990266645197,0.0009798728410189334,0.011561336004188828,0.015257897914812068,0.00018942767898407986,0.0005662934871304937,-0.0008592086048666451,0.001165687102251756,0.013123562587661118,0.0009892238929776372,0.011288463233680712,0.014930435552487731,0.013123562587661118,0.0009892238929776372,0.011288463233680712,0.014930435552487731,132.92,9.983501541558605,115.0,153.0,1.89,5.649519511168247,-8.525,11.524999999999991,131.03,10.088952854333778,112.0,149.52499999999998,0.0,0,100
0.9,higher_risk_more_available,1.0,good,0.5,0.8944271909999159,0.1,0.8999608000000002,0.0009395643520893945,0.89827925,0.9015305,0.9526211323828232,0.0023371893221526985,0.9479167027686336,0.9565624511851748,0.021128462254923625,0.0013887097689028168,0.018423928591256578,0.023964710979636324,0.0004061323907439618,0.0008743960595698855,-0.0011061774046848452,0.0020772984566231898,0.02072232986417966,0.0013322918336891407,0.018302706456495448,0.023076230522514327,0.02072232986417966,0.0013322918336891407,0.018302706456495448,0.023076230522514327,210.92,13.747859337498197,184.9,238.52499999999998,4.05,8.745994754310356,-11.1,21.049999999999983,206.87,13.250237276320297,184.0,231.04999999999998,0.0,0,100
0.9,higher_risk_more_available,1.0,good,0.5,0.8944271909999159,0.2,0.8999608000000002,0.0009395643520893945,0.89827925,0.9015305,0.9526211323828232,0.0023371893221526985,0.9479167027686336,0.9565624511851748,0.031572468934129565,0.001658877077510655,0.02842006833725483,0.03473257650269123,0.001415969343713278,0.001097358145510809,-0.0007028297070780176,0.0035691107136325752,0.030156499590416285,0.001616233784673105,0.02717749313993979,0.033097742819264434,0.030156499590416285,0.001616233784673105,0.02717749313993979,0.033097742819264434,315.2,16.702385966373097,282.325,344.0,14.14,10.971975320070785,-7.05,35.574999999999974,301.06,16.199401410564715,270.475,331.04999999999995,0.0,0,100
0.9,higher_risk_more_available,1.0,medium,1.0,0.7071067811865475,0.05,0.8999608000000002,0.0009395643520893945,0.89827925,0.9015305,0.9526211323828232,0.0023371893221526985,0.9479167027686336,0.9565624511851748,0.010809512876236469,0.0008709520030246308,0.009219664781498074,0.01241082552399712,-0.0004169503070291167,0.0005873728585059616,-0.0014645359440676972,0.0006560185943948596,0.011226463183265582,0.0009297033589800173,0.0097319068117776,0.01313231506801982,0.011226463183265582,0.0009297033589800173,0.0097319068117776,0.01313231506801982,107.91,8.678424425265828,91.95,123.52499999999999,-4.17,5.872474742045264,-14.525,6.5249999999999915,112.08,9.350287631291284,97.95,132.67499999999995,0.0,0,100
0.9,higher_risk_more_available,1.0,medium,1.0,0.7071067811865475,0.1,0.8999608000000002,0.0009395643520893945,0.89827925,0.9015305,0.9526211323828232,0.0023371893221526985,0.9479167027686336,0.9565624511851748,0.017801893478653824,0.001179018053814284,0.01568817310579205,0.020100693490147658,-0.0007533134818053827,0.0009250690625571246,-0.002363462508770546,0.001003166700724243,0.018555206960459206,0.001265482972290549,0.016529869292446146,0.021039439286028135,0.018555206960459206,0.001265482972290549,0.016529869292446146,0.021039439286028135,177.7,11.497474470157314,156.0,200.14999999999995,-7.53,9.238101820857208,-24.05,10.0,185.23,12.459108874209019,162.475,210.62499999999994,0.0,0,100
0.9,higher_risk_more_available,1.0,medium,1.0,0.7071067811865475,0.2,0.8999608000000002,0.0009395643520893945,0.89827925,0.9015305,0.9526211323828232,0.0023371893221526985,0.9479167027686336,0.9565624511851748,0.02797267314827788,0.001561635295782683,0.02467698519110503,0.031205902125745377,-0.0012684600234467048,0.0011760569170102917,-0.003232756397323004,0.0010082452321086052,0.02924113317172458,0.0018115321944171205,0.025748106642022567,0.03250952999145263,0.02924113317172458,0.0018115321944171205,0.025748106642022567,0.03250952999145263,279.25,15.472605312342042,244.85,311.09999999999997,-12.67,11.744807578266451,-32.575,10.0,291.92,18.064799187839586,256.85,323.04999999999995,0.0,0,100
0.9,higher_risk_more_available,1.0,weak,2.0,0.4472135954999579,0.05,0.8999608000000002,0.0009395643520893945,0.89827925,0.9015305,0.9526211323828232,0.0023371893221526985,0.9479167027686336,0.9565624511851748,0.007308140905209957,0.0007524209069430587,0.005853335173838485,0.008726261260244148,-0.0014525198917617749,0.0007599464525806743,-0.0028231711264442945,-9.969366507730296e-05,0.008760660796971732,0.0007696213504140485,0.007350667500855196,0.010060035019300891,0.008760660796971732,0.0007696213504140485,0.007350667500855196,0.010060035019300891,72.95,7.429636259568496,58.0,87.0,-14.5,7.600505033724849,-28.0,-1.0,87.45,7.585705589655407,73.475,100.0,0.0,0,100
0.9,higher_risk_more_available,1.0,weak,2.0,0.4472135954999579,0.1,0.8999608000000002,0.0009395643520893945,0.89827925,0.9015305,0.9526211323828232,0.0023371893221526985,0.9479167027686336,0.9565624511851748,0.012702859639841697,0.001140172196799925,0.010605996872694784,0.01472829428693262,-0.002679843053465015,0.0009444628777908,-0.0043332338902147965,-0.000999547314842539,0.015382702693306714,0.001206224981511723,0.012833969681096073,0.0175416195858734,0.015382702693306714,0.001206224981511723,0.012833969681096073,0.0175416195858734,126.83,11.574139582306199,105.475,146.52499999999998,-26.76,9.46564228345778,-43.575,-10.0,153.59,12.349371226785989,129.0,176.575,0.0,0,100
0.9,higher_risk_more_available,1.0,weak,2.0,0.4472135954999579,0.2,0.8999608000000002,0.0009395643520893945,0.89827925,0.9015305,0.9526211323828232,0.0023371893221526985,0.9479167027686336,0.9565624511851748,0.021012554537956765,0.001134298244231884,0.01908778679768422,0.023343334027188682,-0.005225533164912215,0.001400846631707115,-0.007846422999739335,-0.0029212292871948022,0.02623808770286898,0.0015126401775958766,0.02359388224470047,0.02908360425461048,0.02623808770286898,0.0015126401775958766,0.02359388224470047,0.02908360425461048,209.78,11.494030070985863,188.475,233.0,-52.17,14.00508926256899,-78.575,-28.47500000000001,261.95,15.285415905167232,233.475,291.0,0.0,0,100
0.9,risk_independent,0.0,good,0.5,0.8944271909999159,0.05,0.9000708000000001,0.000879075133824798,0.89836125,0.9016835000000001,0.9006038149778128,0.002893796002350264,0.8949697597734243,0.9062241205901496,0.016769821956255603,0.0011454758217566137,0.014942515889641758,0.018884765659179594,0.0040987776127738886,0.0014515803564106769,0.0013985521004036966,0.0073881704256951,0.012671044343481716,0.0010116938938739173,0.010730875064131694,0.01446680754631804,0.012671044343481716,0.0010116938938739173,0.010730875064131694,0.01446680754631804,167.41,11.333418003248783,149.475,187.04999999999998,40.9,14.428157095475402,14.0,72.57499999999997,126.51,10.261721556002643,106.85,144.04999999999998,0.0,0,100
0.9,risk_independent,0.0,good,0.5,0.8944271909999159,0.1,0.9000708000000001,0.000879075133824798,0.89836125,0.9016835000000001,0.9006038149778128,0.002893796002350264,0.8949697597734243,0.9062241205901496,0.028167071761836606,0.0014869139668072398,0.02571468738612275,0.030834458267847843,0.008078517329923977,0.0019501671086057455,0.0033830778575073524,0.011776712655149358,0.02008855443191263,0.0012858869885606968,0.017987829190284577,0.022639882809201525,0.02008855443191263,0.0012858869885606968,0.017987829190284577,0.022639882809201525,281.19,14.742705780736916,259.0,307.0,80.61,19.322303541281357,33.475,116.52499999999999,200.58,13.358446047653928,177.475,227.52499999999998,0.0,0,100
0.9,risk_independent,0.0,good,0.5,0.8944271909999159,0.2,0.9000708000000001,0.000879075133824798,0.89836125,0.9016835000000001,0.9006038149778128,0.002893796002350264,0.8949697597734243,0.9062241205901496,0.04530796614205977,0.0016839630800033008,0.04201849491046737,0.04869972261376966,0.01641304833467706,0.002289439678095907,0.011871656026640198,0.02078491757703152,0.028894917807382705,0.0016454273559913881,0.025984648330369058,0.032032801768460115,0.028894917807382705,0.0016454273559913881,0.025984648330369058,0.032032801768460115,452.3,16.414147630146452,421.475,482.575,163.83,22.672483656439475,120.0,205.62499999999994,288.47,16.590404309465008,259.475,323.15,0.0,0,100
0.9,risk_independent,0.0,medium,1.0,0.7071067811865475,0.05,0.9000708000000001,0.000879075133824798,0.89836125,0.9016835000000001,0.9006038149778128,0.002893796002350264,0.8949697597734243,0.9062241205901496,0.013521235894729549,0.001045840443796382,0.011643669990793092,0.015358961583303446,0.0027876738069832706,0.0012709369134390133,0.0001837135294046673,0.004903632275462894,0.010733562087746283,0.0008786860260181259,0.0090398658479117,0.012431261732511417,0.010733562087746283,0.0008786860260181259,0.0090398658479117,0.012431261732511417,134.97,10.247892121275132,115.95,154.0,27.81,12.652060957197703,1.8500000000000005,48.52499999999999,107.16,8.832584302147671,90.0,123.52499999999999,0.0,0,100
0.9,risk_independent,0.0,medium,1.0,0.7071067811865475,0.1,0.9000708000000001,0.000879075133824798,0.89836125,0.9016835000000001,0.9006038149778128,0.002893796002350264,0.8949697597734243,0.9062241205901496,0.023331952385958855,0.0013674785670108013,0.020763007116067152,0.02570769003578915,0.005415865734324665,0.0018390997554333611,0.0018237185137305622,0.008947324186519804,0.017916086651634192,0.0012705379521568802,0.015480351275129598,0.020050249942652122,0.017916086651634192,0.0012705379521568802,0.015480351275129598,0.020050249942652122,232.91,13.37651718950834,206.95,255.67499999999995,54.04,18.267330224621045,18.425,89.24999999999991,178.87,12.837488504809308,152.95,200.52499999999998,0.0,0,100
0.9,risk_independent,0.0,medium,1.0,0.7071067811865475,0.2,0.9000708000000001,0.000879075133824798,0.89836125,0.9016835000000001,0.9006038149778128,0.002893796002350264,0.8949697597734243,0.9062241205901496,0.03915028241699587,0.001746012810696881,0.03588044841265055,0.04165649215048876,0.011741275763327499,0.002194744046473646,0.007737108905443294,0.016222447107377472,0.027409006653668366,0.0017498736266815444,0.02323078649191565,0.030475306650223893,0.027409006653668366,0.0017498736266815444,0.02323078649191565,0.030475306650223893,390.82,16.933249820839162,358.0,415.525,117.2,21.813257019945045,77.85,160.575,273.62,17.374531459419085,234.85,303.525,0.0,0,100
0.9,risk_independent,0.0,weak,2.0,0.4472135954999579,0.05,0.9000708000000001,0.000879075133824798,0.89836125,0.9016835000000001,0.9006038149778128,0.002893796002350264,0.8949697597734243,0.9062241205901496,0.009629697994322936,0.0009146489182835279,0.007930613296991325,0.011358085121491245,0.0013014384904209478,0.0012172568109476204,-0.0008156609220438943,0.003692142846348228,0.00832825950390199,0.0008771679389980442,0.006907730147548161,0.010177517115284683,0.00832825950390199,0.0008771679389980442,0.006907730147548161,0.010177517115284683,96.12,8.980652605023826,79.0,113.09999999999997,12.98,12.144733239332409,-8.1,37.04999999999998,83.14,8.745584744615567,70.0,101.04999999999998,0.0,0,100
0.9,risk_independent,0.0,weak,2.0,0.4472135954999579,0.1,0.9000708000000001,0.000879075133824798,0.89836125,0.9016835000000001,0.9006038149778128,0.002893796002350264,0.8949697597734243,0.9062241205901496,0.017503879163348116,0.0012618843813497445,0.015041132150513944,0.01981080972819036,0.002814730528220429,0.0016236073882059472,-5.146049794157794e-05,0.0058129724250871794,0.014689148635127689,0.0011112813490430143,0.012697289543610386,0.01653388698226404,0.014689148635127689,0.0011112813490430143,0.012697289543610386,0.01653388698226404,174.73,12.396525254434744,149.475,196.04999999999998,28.08,16.157482552187464,-0.5249999999999999,58.0,146.65,11.17390086791809,126.475,165.52499999999998,0.0,0,100
0.9,risk_independent,0.0,weak,2.0,0.4472135954999579,0.2,0.9000708000000001,0.000879075133824798,0.89836125,0.9016835000000001,0.9006038149778128,0.002893796002350264,0.8949697597734243,0.9062241205901496,0.03124498102125309,0.0015718150650188857,0.02805689763554205,0.033967122137843496,0.006090340106388322,0.001997562592166433,0.0018544990482870921,0.00965574915608323,0.025154640914864773,0.0015514239603790399,0.022145853017916294,0.0283804483098493,0.025154640914864773,0.0015514239603790399,0.022145853017916294,0.0283804483098493,311.91,15.42534645093306,280.475,337.62499999999994,60.79,19.87551917878531,18.375,95.52499999999999,251.12,15.438558576145992,221.475,281.04999999999995,0.0,0,100
