target,feature_set,model,split,n,event_n,prevalence,roc_auc,average_precision,brier_score,raw_feature_n,transformed_feature_n
target_preterm,landmark_no_race_8,lightgbm,train_2022,2837999,246258,0.08677170076522225,0.6058064242600405,0.1452471145519715,0.07774777593612603,8,8
target_preterm,landmark_no_race_8,lightgbm,calibration_2022,709742,61304,0.0863750489614536,0.6048262204237025,0.14138332334439846,0.07753456964216676,8,8
target_preterm,landmark_no_race_8,lightgbm,temporal_evaluation_cohort_2023,3480382,303001,0.08705969632069123,0.6028496926104362,0.1413362805488692,0.07812104301786672,8,8
target_nicu,landmark_no_race_8,lightgbm,train_2022,2834616,238659,0.08419447290214971,0.6053185669214842,0.1388975290238568,0.07576955015840185,8,8
target_nicu,landmark_no_race_8,lightgbm,calibration_2022,708927,59844,0.08441489744360138,0.6039706569088016,0.135758084823913,0.07605004560413171,8,8
target_nicu,landmark_no_race_8,lightgbm,temporal_evaluation_cohort_2023,3476584,303285,0.0872364942138605,0.6018098387088496,0.13851849801986604,0.07836969590485494,8,8
target_lbw,landmark_no_race_8,lightgbm,train_2022,2837920,199031,0.07013270282460393,0.6301456737566089,0.1244911571068488,0.06398021055262662,8,8
target_lbw,landmark_no_race_8,lightgbm,calibration_2022,709748,49714,0.07004457920275929,0.6265773105316916,0.11935408526710856,0.06403932126811974,8,8
target_lbw,landmark_no_race_8,lightgbm,temporal_evaluation_cohort_2023,3480316,243776,0.07004421437593598,0.6255246230128344,0.11854781246504757,0.06406147359432432,8,8
