condition_id,availability_target_fraction,availability_relation,model_quality,score_noise_sd,expected_score_latent_correlation,nominal_fraction,mean_naive_top_fraction_effect,q025_naive_top_fraction_effect,q975_naive_top_fraction_effect,mean_availability_effect_at_all_budget,q025_availability_effect_at_all_budget,q975_availability_effect_at_all_budget,mean_availability_main_effect,q025_availability_main_effect,q975_availability_main_effect,mean_capacity_main_effect,q025_capacity_main_effect,q975_capacity_main_effect,mean_shapley_availability_effect,q025_shapley_availability_effect,q975_shapley_availability_effect,mean_shapley_capacity_effect,q025_shapley_capacity_effect,q975_shapley_capacity_effect,mean_interaction_effect,q025_interaction_effect,q975_interaction_effect,mean_distortion_top_fraction_minus_fixed_budget,q025_distortion_top_fraction_minus_fixed_budget,q975_distortion_top_fraction_minus_fixed_budget,naive_fixed_budget_sign_reversal,sign_reversal_replicate_fraction,fixed_budget_interval_below_zero,fixed_budget_interval_above_zero,shapley_availability_interval_below_zero,shapley_capacity_interval_below_zero,interaction_interval_below_zero,interaction_interval_above_zero,max_abs_interaction_replicate
1,0.5,higher_risk_less_available,good,0.5,0.8944271909999159,0.05,0.11360792908124098,0.1074931337155359,0.11965221156089419,0.07695048817381835,0.06947734642543384,0.08352702252664465,0.042709329518326046,0.03744197789496852,0.049124236609203065,0.036657440907422637,0.03362016944242095,0.04008192438253273,0.059829908846072206,0.05388095742044597,0.06584202471746764,0.05377802023516878,0.05151639682930983,0.056365603903354135,0.03424115865549229,0.027267673372856606,0.04041326734687098,0.036657440907422637,0.033620169442420945,0.04008192438253273,False,0.0,False,True,False,False,False,True,0.042311974896244546
2,0.5,higher_risk_less_available,good,0.5,0.8944271909999159,0.1,0.19108384633647046,0.18372983649218136,0.19862240172850376,0.13544864259769474,0.12592852981786226,0.14404790062547826,0.07699019285892632,0.06977896413288508,0.08338828794075462,0.055635203738775695,0.052101106629394,0.0598613837273008,0.10621941772831052,0.09884922855036268,0.1133116082002841,0.08486442860815993,0.08146365653859294,0.08868066159981286,0.05845844973876844,0.05126698486725915,0.06514218161588498,0.05563520373877569,0.052101106629394,0.05986138372730079,False,0.0,False,True,False,False,False,True,0.07062118635590676
3,0.5,higher_risk_less_available,good,0.5,0.8944271909999159,0.2,0.3086277434344095,0.2995850523218663,0.3204201646574625,0.23040908117380038,0.21902361126654524,0.2444900989093783,0.13550224056771024,0.1259229403348041,0.1442544552333124,0.07821866226060915,0.07342964658855099,0.08322737575262891,0.1829556608707553,0.17365526973983272,0.19342758909754132,0.12567208256365425,0.12168027072585982,0.12958500347580648,0.09490684060609017,0.08739142922208867,0.10228259596176745,0.07821866226060914,0.07342964658855097,0.08322737575262892,False,0.0,False,True,False,False,False,True,0.10718503937007873
4,0.5,higher_risk_less_available,medium,1.0,0.7071067811865475,0.05,0.09231603361887589,0.08767899390815757,0.09723900386116098,0.060589965238393405,0.05429844051242298,0.06638386512666736,0.033209847310172826,0.028582964221893936,0.0382770441355338,0.03172606838048248,0.02875073713080873,0.034701355612107326,0.0468999062742831,0.042403327559918436,0.051912569238207903,0.045416127344592765,0.04328507878077056,0.04798291245268741,0.027380117928220572,0.021820995595015456,0.032274999874217905,0.03172606838048248,0.02875073713080873,0.034701355612107326,False,0.0,False,True,False,False,False,True,0.032882792011297145
5,0.5,higher_risk_less_available,medium,1.0,0.7071067811865475,0.1,0.1595168886095478,0.15287578632367002,0.16687837376550535,0.10845019122311493,0.1004014470859967,0.11815580217088789,0.06058309307000218,0.05431603266421512,0.06654546890971838,0.05106669738643286,0.047350226076061035,0.05509284666448555,0.08451664214655855,0.07821981238749179,0.09174847280422668,0.07500024646298924,0.07154710213134483,0.07754346073670437,0.04786709815311275,0.04075806841789985,0.0539409717102131,0.05106669738643286,0.047350226076061035,0.055092846664485544,False,0.0,False,True,False,False,False,True,0.058717615284585384
6,0.5,higher_risk_less_available,medium,1.0,0.7071067811865475,0.2,0.2681907289393449,0.2587047463676139,0.2807246319130232,0.1898463166823815,0.17770903627498016,0.20275191710311882,0.10846670087897284,0.1003874576587356,0.11825790287770767,0.07834441225696345,0.07434664921057085,0.08288574238050858,0.14915650878067718,0.14109632796343158,0.15873244951408153,0.11903422015866778,0.11459463185954592,0.12312276284839405,0.08137961580340863,0.07222105945606337,0.08863648323891787,0.07834441225696344,0.07434664921057085,0.08288574238050858,False,0.0,False,True,False,False,False,True,0.09218356026222896
7,0.5,higher_risk_less_available,weak,2.0,0.4472135954999579,0.05,0.06646718692620995,0.06232683726368103,0.07116026514512201,0.040975293534546084,0.0362459884795747,0.04583595187392701,0.02211507812056466,0.018281070002643236,0.026465922374102432,0.025491893391663866,0.02317328774639242,0.027479952703278167,0.03154518582755537,0.027518541207343157,0.03533711163142906,0.034922001098654586,0.033098185762352766,0.037139479639387615,0.01886021541398142,0.015103437477000626,0.022677080195323968,0.02549189339166387,0.02317328774639242,0.027479952703278163,False,0.0,False,True,False,False,False,True,0.024766262184205298
8,0.5,higher_risk_less_available,weak,2.0,0.4472135954999579,0.1,0.1205818229866732,0.11552607306567693,0.12664832470587678,0.07590854813830493,0.0689601614508585,0.0831064178930911,0.041013820544682125,0.03634597073807777,0.04578299111532719,0.04467327484836827,0.0411348395983654,0.047931189175686895,0.05846118434149353,0.053673947161498585,0.06358941372779503,0.06212063864517968,0.059784516573176585,0.06529372127464993,0.034894727593622804,0.02912697383791303,0.04132787640929674,0.04467327484836827,0.041134839598365405,0.0479311891756869,False,0.0,False,True,False,False,False,True,0.04256384576865296
9,0.5,higher_risk_less_available,weak,2.0,0.4472135954999579,0.2,0.21380926794975608,0.20611539316609168,0.22252388649172317,0.13807534920956108,0.12920869949843355,0.14729383987081915,0.07589207450224734,0.06911541034193786,0.08278448236543501,0.07573391874019503,0.07112264614654484,0.08131484243018579,0.10698371185590419,0.09947578632051923,0.11386578869768599,0.10682555609385185,0.10305590685909834,0.11161728302259316,0.06218327470731373,0.05471329916339341,0.07061995731735624,0.07573391874019503,0.07112264614654484,0.0813148424301858,False,0.0,False,True,False,False,False,True,0.07197610751617722
10,0.5,higher_risk_more_available,good,0.5,0.8944271909999159,0.05,0.07164265384631192,0.0675812930263548,0.07594267498824539,0.0020078606819036574,-0.0011709201752605916,0.004784342324957826,0.0006965054061497767,-0.0016115236300876649,0.003315675424911342,0.06963479316440827,0.06528376024167346,0.07391983032217318,0.0013521830440267168,-0.000604370094604295,0.003385938130371722,0.07029047080228522,0.06661305041632641,0.073871780281244,0.0013113552757538808,-0.002118283018447328,0.004210525342540024,0.06963479316440827,0.06528376024167346,0.07391983032217318,False,0.11,False,False,False,False,False,False,0.005224555410429016
11,0.5,higher_risk_more_available,good,0.5,0.8944271909999159,0.1,0.11623330176331109,0.11125958487906595,0.12247965843084742,0.006233341179203809,0.000735313961983218,0.010700296578004106,0.002016342508578704,-0.0012075843824127402,0.005032967926353091,0.10999996058410728,0.10461310375830013,0.11690381293100148,0.004124841843891256,0.0009682844563473319,0.007065466862833358,0.11210845991941981,0.10723121765246449,0.11734862110671147,0.004216998670625103,-0.0012059959619308738,0.00851218618558796,0.10999996058410728,0.10461310375830013,0.11690381293100148,False,0.0,False,True,False,False,False,False,0.009309309309309288
12,0.5,higher_risk_more_available,good,0.5,0.8944271909999159,0.2,0.1795277417947176,0.17282792931957228,0.18725832041756565,0.020048508080836296,0.012035776580586192,0.026976463191645355,0.006223521045260824,0.0009779790488349122,0.010666777257402381,0.15947923371388129,0.15399802030440093,0.16511103093505186,0.013136014563048557,0.008692836322743556,0.018003528115776116,0.166391727231669,0.16202989006178894,0.1718039417092087,0.013824987035575474,0.00725020802840404,0.020757951397157158,0.15947923371388129,0.15399802030440093,0.16511103093505186,False,0.0,False,True,False,False,False,True,0.0238522954091816
13,0.5,higher_risk_more_available,medium,1.0,0.7071067811865475,0.05,0.057251644293637625,0.053940402300575896,0.06084244476444195,-0.0028917157109228596,-0.00601342005270831,0.00041521794219172823,-0.0019101189026501672,-0.004601620316878854,0.0005087385188317962,0.060143360004560484,0.057090688634822265,0.06334844879889459,-0.0024009173067865135,-0.004682957426254805,-0.00034398061693585475,0.05965256160042414,0.056436198537803704,0.06261980760560719,-0.0009815968082726922,-0.0041210908672942356,0.0028207359438766947,0.060143360004560484,0.057090688634822265,0.06334844879889459,True,0.95,False,False,True,False,False,False,0.0057017105131539625
14,0.5,higher_risk_more_available,medium,1.0,0.7071067811865475,0.1,0.09609501743764737,0.09164722074904665,0.10198293933853088,-0.0040634329787518405,-0.00912137374431303,0.0009605163853796448,-0.002912896622385873,-0.005879269342975561,0.00041521794219172823,0.10015845041639922,0.09445313725001721,0.10646571088388077,-0.003488164800568857,-0.007231297333817391,-0.0005483447833197379,0.09958318223821624,0.09433228770471488,0.1045788839098475,-0.001150536356365967,-0.0061635625027022245,0.0038215498615016834,0.10015845041639922,0.09445313725001721,0.10646571088388077,True,0.95,False,False,True,False,False,False,0.00688747088017827
15,0.5,higher_risk_more_available,medium,1.0,0.7071067811865475,0.2,0.15579831142360254,0.14959965131465205,0.16300551015719011,-0.001539634936971422,-0.008130859961896286,0.005275872160938007,-0.004112561300176437,-0.009274589929035161,0.0007074522823254508,0.15733794636057394,0.14784263911720338,0.16406082425650398,-0.0028260981185739297,-0.007566508128666377,0.001513005254109584,0.15862440954217644,0.15147905222955335,0.16418618230949403,0.002572926363205016,-0.004832896613328547,0.010566171036943114,0.15733794636057394,0.14784263911720338,0.16406082425650398,True,0.63,False,False,False,False,False,False,0.013937282229965153
16,0.5,higher_risk_more_available,weak,2.0,0.4472135954999579,0.05,0.03922600322477315,0.035965943555495795,0.042662008990348325,-0.009744279554426914,-0.013268337656512386,-0.005616286555740893,-0.005158433655894561,-0.007712421042586744,-0.002461504112194663,0.04897028277920007,0.046034060624591346,0.05192491881383219,-0.0074513566051607385,-0.009953007305424139,-0.0049090476655977485,0.04667735982993389,0.0436929916382845,0.04907937845146993,-0.004585845898532352,-0.00817704807175643,-0.0007556998696413677,0.04897028277920007,0.046034060624591346,0.05192491881383219,True,1.0,True,False,True,False,True,False,0.009090909090909087
17,0.5,higher_risk_more_available,weak,2.0,0.4472135954999579,0.1,0.06991484965354691,0.06564498022217433,0.07532227706574954,-0.01764638295142975,-0.023013356928553497,-0.012195740928615233,-0.009739185050034821,-0.013103998175488886,-0.0058157413809964385,0.08756123260497667,0.0832399885468901,0.09277240248758585,-0.013692784000732287,-0.017289277874146688,-0.009893812964198705,0.0836076336542792,0.08000986005816231,0.08794534524639583,-0.00790719790139493,-0.013025769989368342,-0.0021693651545397104,0.08756123260497667,0.0832399885468901,0.09277240248758585,True,1.0,True,False,True,False,True,False,0.015646662705486244
18,0.5,higher_risk_more_available,weak,2.0,0.4472135954999579,0.2,0.1203684476548295,0.11621512754520588,0.12635909156752378,-0.030449284583418078,-0.03735179670154609,-0.022844813860869142,-0.01766118904605545,-0.022886470094706464,-0.012295783846090556,0.15081773223824757,0.14421531088214043,0.1580689585914074,-0.024055236814736758,-0.028246794470610355,-0.01894413942521374,0.14442368446956622,0.14007453691180669,0.15038467360809274,-0.012788095537362633,-0.02032887024471877,-0.003569951275457125,0.15081773223824757,0.14421531088214043,0.1580689585914074,True,1.0,True,False,True,False,True,False,0.021575613618368933
19,0.5,risk_independent,good,0.5,0.8944271909999159,0.05,0.08430420198632946,0.07998820235744701,0.08909922826139512,0.02719422191072626,0.02148599874841354,0.03431187839831279,0.013373145135594806,0.008063920701303556,0.018136307259718217,0.05710998007560319,0.05266883777493728,0.06092943970510321,0.020283683523160533,0.015825508245322965,0.0255976917690029,0.06402051846316892,0.06106132985373855,0.06727639094060814,0.013821076775131448,0.008388387796452491,0.020011921124916662,0.05710998007560319,0.05266883777493728,0.06092943970510321,False,0.0,False,True,False,False,False,True,0.021040095275903142
20,0.5,risk_independent,good,0.5,0.8944271909999159,0.1,0.14134468785282256,0.13583013491366874,0.1477995429999257,0.05465585533028527,0.04642381652278915,0.06154389254081528,0.0271862363305389,0.02139150899309229,0.034168127767827586,0.08668883252253727,0.08259588961893019,0.09146383996638766,0.04092104583041209,0.035073200891494544,0.046421193092851254,0.10042364202241048,0.09663269620592645,0.10363346790561014,0.027469618999746384,0.020851202243123538,0.034142242161136455,0.08668883252253727,0.08259588961893019,0.09146383996638766,False,0.0,False,True,False,False,False,True,0.03703703703703701
21,0.5,risk_independent,good,0.5,0.8944271909999159,0.2,0.22789645585163051,0.22101019349196468,0.2360611660055621,0.109374464610505,0.09814442362250282,0.12098916280300023,0.054653769657402,0.046610096775554305,0.06159752416815209,0.11852199124112549,0.11315591737991385,0.12461824963499933,0.08201411713395351,0.07418350406368499,0.08915497134292988,0.145882338717677,0.141279344394029,0.15005996100359126,0.05472069495310304,0.04575058179638224,0.06441036227075864,0.11852199124112549,0.11315591737991385,0.12461824963499933,False,0.0,False,True,False,False,False,True,0.06919291338582673
22,0.5,risk_independent,medium,1.0,0.7071067811865475,0.05,0.06775952439950376,0.0639329553178087,0.07149720390387314,0.01839771807246004,0.012918972454745109,0.02344527980504887,0.008611922200468853,0.004234471855630423,0.01312809522610527,0.04936180632704372,0.0453985192530474,0.05284513498138588,0.013504820136464445,0.009228495589191,0.01739051539519854,0.054254704263039306,0.05160114287547325,0.056658362247917586,0.009785795871991186,0.004347011543761003,0.014502807780610562,0.04936180632704372,0.0453985192530474,0.05284513498138588,False,0.0,False,True,False,False,False,True,0.015183090205418276
23,0.5,risk_independent,medium,1.0,0.7071067811865475,0.1,0.11735740307618339,0.11160547801397527,0.12411307263472161,0.03736261064130957,0.028947444784660947,0.04626808766502542,0.018367914554600757,0.012839925294745373,0.02324476961602046,0.0799947924348738,0.07538005456509086,0.08566529504531689,0.027865262597955166,0.022397848676568143,0.03465215205656163,0.08949214047822823,0.08626959893033674,0.09331023254464134,0.018994696086708823,0.011632108617477266,0.02527454590198149,0.0799947924348738,0.07538005456509086,0.08566529504531689,False,0.0,False,True,False,False,False,True,0.02934782608695652
24,0.5,risk_independent,medium,1.0,0.7071067811865475,0.2,0.19717854769909438,0.19060093554821542,0.205613944094456,0.078292646594505,0.0699785544122133,0.08672437466975826,0.03734841823204707,0.028947444784660947,0.04605012790861166,0.11888590110458935,0.11329224229058832,0.12432868642775,0.057820532413276025,0.05030468429920781,0.06448797190314176,0.13935801528581832,0.13535703546352013,0.14327120641931074,0.04094422836245793,0.033225280884231406,0.05055212745241224,0.11888590110458935,0.11329224229058832,0.12432868642775,False,0.0,False,True,False,False,False,True,0.05141542462738821
25,0.5,risk_independent,weak,2.0,0.4472135954999579,0.05,0.04864788700146953,0.04593889749687525,0.052527858930387306,0.008932336848957778,0.0038987340879367617,0.013444350020957408,0.0042705555019881955,0.0004949725401020802,0.008051909838280682,0.03971555015251174,0.03658835798943867,0.043089171795926993,0.006601446175472988,0.0024881331254077614,0.010551827819639991,0.04204644082599653,0.0397123853019393,0.04425948713009099,0.004661781346969583,0.0006008978079084602,0.009426224945454304,0.03971555015251174,0.03658835798943867,0.043089171795926993,False,0.0,False,True,False,False,False,True,0.01148742325212914
26,0.5,risk_independent,weak,2.0,0.4472135954999579,0.1,0.08858106986396534,0.08400771950435572,0.09402945723381544,0.019627836644446787,0.01245953558346447,0.026708737024716555,0.008948213609748415,0.00392119898602134,0.013399668628044488,0.06895323321951854,0.06509009693376148,0.07346917258070243,0.0142880251270976,0.010123752452171248,0.019448139048735665,0.07429304473686772,0.07137629094045561,0.07714318319465871,0.010679623034698372,0.003832974308650521,0.017743599544290212,0.06895323321951854,0.06509009693376148,0.07346917258070243,False,0.0,False,True,False,False,False,True,0.018972332015810278
27,0.5,risk_independent,weak,2.0,0.4472135954999579,0.2,0.15761409096561732,0.15091419867831288,0.163737400393803,0.042302133720988254,0.03340968407362807,0.052791810716510505,0.019632097228826896,0.012412714489329433,0.026562878707777886,0.11531195724462905,0.10947762270498841,0.12093499385579749,0.030967115474907575,0.024423231454416723,0.03815781049955703,0.12664697549070975,0.12260436161320304,0.1313057097708016,0.022670036492161354,0.014606146435973823,0.031482597553525934,0.11531195724462905,0.10947762270498841,0.12093499385579749,False,0.0,False,True,False,False,False,True,0.034631600080305136
28,0.7,higher_risk_less_available,good,0.5,0.8944271909999159,0.05,0.08132456519774602,0.0750602358330958,0.08631663746345049,0.05408180826550429,0.046962025440222224,0.060196153530405146,0.0403318186099627,0.033899607202881536,0.04622660378260758,0.027242756932241714,0.0246681647390358,0.029655027843501852,0.04720681343773351,0.041402502064765694,0.052639163760330406,0.034117751760012506,0.03197706490888918,0.03610476687164065,0.013749989655541585,0.009419661605022509,0.0165555940233769,0.027242756932241714,0.0246681647390358,0.029655027843501852,False,0.0,False,True,False,False,False,True,0.016874246685415817
29,0.7,higher_risk_less_available,good,0.5,0.8944271909999159,0.1,0.1357825694586371,0.12839580070615564,0.14302546166551314,0.0932759526013227,0.08456096542893789,0.1017009735734801,0.07065078850903567,0.06249376540149262,0.07745663921770458,0.0425066168573144,0.03919580407248261,0.04576519329026921,0.08196337055517919,0.0741416215238244,0.08924450284843914,0.053819198903457884,0.051385964411631686,0.05643618248446084,0.02262516409228699,0.016667403448137295,0.02862268726362319,0.0425066168573144,0.03919580407248261,0.04576519329026921,False,0.0,False,True,False,False,False,True,0.02981906398463563
30,0.7,higher_risk_less_available,good,0.5,0.8944271909999159,0.2,0.21767976090697125,0.20963188672972533,0.2281262088584511,0.15622655166940547,0.14520975282287926,0.16790763522812518,0.12066781560906502,0.11104655201329311,0.13054905118147808,0.06145320923756582,0.05611953022939739,0.06617130003193042,0.13844718363923525,0.12964479981755825,0.1493578780456201,0.07923257726773604,0.07567392642260237,0.08179113508260218,0.03555873606034044,0.0286696378382719,0.04307951251680346,0.06145320923756582,0.05611953022939739,0.06617130003193042,False,0.0,False,True,False,False,False,True,0.045486284289276785
31,0.7,higher_risk_less_available,medium,1.0,0.7071067811865475,0.05,0.06669296208115279,0.06158006000228799,0.07219917359198173,0.04355591284363292,0.038495505156981566,0.049241843685966624,0.03235574105318461,0.027437493465125938,0.03817228514754889,0.023137049237519868,0.020765040154979205,0.025165468200703096,0.037955826948408766,0.03389957240327839,0.043499560371557264,0.028737135132744025,0.02682723483409898,0.030420278233204555,0.011200171790448316,0.007147478580328945,0.014615347968149938,0.023137049237519865,0.020765040154979205,0.025165468200703096,False,0.0,False,True,False,False,False,True,0.0163405285454912
32,0.7,higher_risk_less_available,medium,1.0,0.7071067811865475,0.1,0.11428343996762491,0.10748251944530247,0.12227594437914566,0.07576867434752074,0.06645462056093841,0.08488696016944895,0.05695498109855147,0.05111466819205576,0.06351458420276977,0.038514765620104176,0.03496896684102642,0.0420342952265942,0.0663618277230361,0.06031843155803249,0.0734986656638403,0.04792161224458881,0.04488450757025817,0.050274673784601535,0.018813693248969258,0.012556846766774928,0.0241331626458866,0.038514765620104176,0.03496896684102642,0.0420342952265942,False,0.0,False,True,False,False,False,True,0.024850299401197595
33,0.7,higher_risk_less_available,medium,1.0,0.7071067811865475,0.2,0.19011380014028753,0.1810513961236621,0.19862943629476945,0.13016770330703528,0.1182668306973671,0.140712054070752,0.09868359540183641,0.08895876410169128,0.10832004104370697,0.05994609683325228,0.05570327267918446,0.06476694359058036,0.11442564935443585,0.10335144146447259,0.1240159166279135,0.07568815078585171,0.07227450000888254,0.07888881236781298,0.03148410790519887,0.024860291513746115,0.03858937955828309,0.05994609683325228,0.05570327267918446,0.06476694359058036,False,0.0,False,True,False,False,False,True,0.04034291477559257
34,0.7,higher_risk_less_available,weak,2.0,0.4472135954999579,0.05,0.047595225154558544,0.04369537806661176,0.052439970526932826,0.029225622411381314,0.025469537500037127,0.034573187932618564,0.02164739683465942,0.01673108099056185,0.02549442059809385,0.018369602743177237,0.01634014957297339,0.021116502052837185,0.025436509623020367,0.021521288191298178,0.02991887883531641,0.022158715531538187,0.02043099414848897,0.023841159465600847,0.007578225576721891,0.0039043594766729455,0.011274691735533613,0.018369602743177237,0.01634014957297339,0.021116502052837185,False,0.0,False,True,False,False,False,True,0.012731829573934837
35,0.7,higher_risk_less_available,weak,2.0,0.4472135954999579,0.1,0.08572748167565786,0.08049437177168373,0.09266049712165057,0.05337402508288592,0.04795740509987253,0.06027275743256726,0.03916805570438151,0.03395318588264012,0.04494584023630938,0.032353456592771945,0.029583269210212548,0.03565098038505817,0.046271040393633715,0.04185458865153626,0.051925532444943696,0.039456441282024156,0.037391453089894534,0.04173063735743245,0.014205969378504404,0.007872047869376514,0.01903050922599528,0.032353456592771945,0.029583269210212548,0.03565098038505817,False,0.0,False,True,False,False,False,True,0.01959390862944163
36,0.7,higher_risk_less_available,weak,2.0,0.4472135954999579,0.2,0.15110803992667787,0.1431936217868432,0.15810811063663155,0.09519854493499931,0.08708018470057044,0.10277577328201645,0.07124970559923834,0.06366692219714813,0.07930800822233301,0.05590949499167856,0.05099344980737338,0.05999607821700742,0.08322412526711881,0.07607885793054403,0.09041839635334858,0.06788391465955908,0.06455264173070582,0.0706186420503454,0.02394883933576099,0.018477307319359704,0.030146966946408435,0.05590949499167856,0.05099344980737338,0.05999607821700742,False,0.0,False,True,False,False,False,True,0.032465574429590915
37,0.7,higher_risk_more_available,good,0.5,0.8944271909999159,0.05,0.04136095269273971,0.038222608730296065,0.044391021110107544,0.0006813610850490353,-0.001047089821779834,0.002552851718546036,0.00034528993746862896,-0.001610552934462766,0.0021513525949946777,0.04067959160769068,0.03745413632997263,0.04404451686464115,0.0005133255112588322,-0.0008981365643867387,0.0020015505718647213,0.04084762718148089,0.03769582731835885,0.04388035101125886,0.00033607114758040635,-0.0017565894887263552,0.0021519509347142983,0.04067959160769068,0.03745413632997263,0.04404451686464115,False,0.23,False,False,False,False,False,False,0.003896493156159475
38,0.7,higher_risk_more_available,good,0.5,0.8944271909999159,0.1,0.06626689780176874,0.06194128427208519,0.07094109210994805,0.001927696289399885,-0.0016853868094262147,0.004608480015834837,0.001138850472112699,-0.001357768585613975,0.00347745846273808,0.06433920151236885,0.06039232655129229,0.06865196806554778,0.0015332733807562925,-0.0006075913275060862,0.003755046016220816,0.06473362442101244,0.06101905529477462,0.06864582948458112,0.000788845817287186,-0.0022947124996558787,0.004345166012961752,0.06433920151236885,0.06039232655129229,0.06865196806554778,False,0.09,False,False,False,False,False,False,0.0048553510014161805
39,0.7,higher_risk_more_available,good,0.5,0.8944271909999159,0.2,0.10059408443772778,0.09475757485357053,0.10480385221314718,0.006549659495557385,0.0021153973592642496,0.01093869753439224,0.00355072770070012,0.00013870445494617027,0.0077728472844225535,0.09404442494217037,0.0886268748012426,0.09941034148561434,0.005050193598128753,0.001576166244021665,0.008506512399072217,0.09554389083959901,0.09060707316693359,0.09996041443711702,0.0029989317948572658,-0.0011096671960710096,0.007388753291560009,0.09404442494217037,0.0886268748012426,0.09941034148561434,False,0.01,False,True,False,False,False,False,0.009312683469986871
40,0.7,higher_risk_more_available,medium,1.0,0.7071067811865475,0.05,0.0330958203933852,0.03011252918956627,0.035796349926664896,-0.0014616311509192581,-0.003932486555388784,0.0006072060155224018,-0.0012542115049131524,-0.0027887961313778262,0.0010052384053155024,0.03455745154430446,0.031734431853727756,0.03798551279178586,-0.0013579213279162055,-0.0030261254826402014,0.00030078650843318037,0.034453741721301404,0.03139630734573015,0.03724628975028073,-0.00020741964600610576,-0.0025244109819551656,0.0021007616571142675,0.03455745154430446,0.031734431853727756,0.03798551279178586,True,0.91,False,False,False,False,False,False,0.002945797329143754
41,0.7,higher_risk_more_available,medium,1.0,0.7071067811865475,0.1,0.055229188155677796,0.05102951819177381,0.059281512057625795,-0.002780576452209225,-0.006264996049222732,0.0004076783996545809,-0.0020977138683342094,-0.004883529267049213,0.00019997757890454352,0.058009764607887024,0.05393231856977858,0.06269783729530036,-0.0024391451602717167,-0.00493095536853499,-7.469380065458506e-05,0.05766833331594952,0.05398318556423538,0.061384454915379354,-0.0006828625838750152,-0.005045732362728675,0.0030905147068742422,0.058009764607887024,0.05393231856977858,0.06269783729530036,True,0.93,False,False,True,False,False,False,0.005807086614173201
42,0.7,higher_risk_more_available,medium,1.0,0.7071067811865475,0.2,0.08788368319907404,0.08265170231365117,0.09291502176333635,-0.0032397460528124982,-0.00781861076801676,0.0011652969519058728,-0.0035617961009417674,-0.008124291761307642,0.0001539051089612808,0.09112342925188656,0.08563663650600316,0.09702880922036602,-0.0034007710768771326,-0.007289388380710056,0.0002627872418030086,0.0912844542759512,0.08637831473770038,0.0967303927490113,0.0003220500481292693,-0.004575360772522024,0.006433971042542891,0.09112342925188656,0.08563663650600316,0.09702880922036602,True,0.9,False,False,False,False,False,False,0.006869089099054204
43,0.7,higher_risk_more_available,weak,2.0,0.4472135954999579,0.05,0.022498195433498798,0.020221012966483033,0.025233803210575674,-0.0049462983245762565,-0.007472668404675802,-0.002765542111967584,-0.0034630852148892412,-0.0061253568683003355,-0.0010030639775258532,0.027444493758075058,0.024909833629151296,0.030158687820367517,-0.004204691769732749,-0.006222226212548432,-0.0022742100359259038,0.02670288720323155,0.024387139539191822,0.02895157575626927,-0.0014832131096870155,-0.004754298546617277,0.0018046090183943318,0.027444493758075058,0.024909833629151296,0.030158687820367517,True,1.0,True,False,True,False,False,False,0.005794205794205795
44,0.7,higher_risk_more_available,weak,2.0,0.4472135954999579,0.1,0.0395802712726957,0.03594431576025223,0.042955839370264946,-0.009687910745679866,-0.012900253426205485,-0.005483892094779423,-0.006992191861780867,-0.010053942554192083,-0.004194559771953933,0.04926818201837557,0.04574927506622943,0.0530313750770423,-0.008340051303730368,-0.01069613009156222,-0.005395934076629268,0.047920322576426075,0.04498767513138386,0.05138117251959035,-0.002695718883898999,-0.006488345747088143,0.0018386237169778965,0.04926818201837557,0.04574927506622943,0.0530313750770423,True,1.0,True,False,True,False,False,False,0.008288688972000385
45,0.7,higher_risk_more_available,weak,2.0,0.4472135954999579,0.2,0.06709140086496282,0.06388603659675934,0.0704361209525369,-0.017413078491670984,-0.023187725533269057,-0.012008934502457845,-0.012782927895820848,-0.01763444452191782,-0.00845654593056443,0.0845044793566338,0.0786961698650661,0.08998607641757508,-0.015098003193745914,-0.019473035079952322,-0.011493775606681363,0.08218940405870874,0.07765080936657862,0.0863815772499327,-0.004630150595850135,-0.011530932418660897,0.001405882296731424,0.0845044793566338,0.0786961698650661,0.08998607641757508,True,1.0,True,False,True,False,False,False,0.013153900637458305
46,0.7,risk_independent,good,0.5,0.8944271909999159,0.05,0.05045043148800219,0.046802030456852786,0.0540837680693521,0.013919762946434978,0.009306823660209176,0.018239789571768156,0.009466175520830601,0.004143337743493305,0.013255182209309309,0.03653066854156721,0.03314746899308915,0.03971512212482764,0.011692969233632786,0.007276043520665683,0.015227383100967723,0.03875746225436939,0.03674437677521398,0.04090904075513342,0.004453587425604373,-0.0005061957150020817,0.008629744133266433,0.03653066854156721,0.03314746899308915,0.03971512212482764,False,0.0,False,True,False,False,False,False,0.01215347529128162
47,0.7,risk_independent,good,0.5,0.8944271909999159,0.1,0.08473450526650143,0.08037873387964495,0.08959092589660941,0.02783899820118718,0.022555916584481472,0.0350272621604707,0.01963104652628034,0.014263564263389837,0.02625996658068627,0.05689550706531425,0.05239086018112398,0.06116349622748977,0.023735022363733763,0.018238025350733437,0.02901889544457908,0.060999482902767674,0.05782678965794929,0.063837864912661,0.008207951674906839,0.0018274108758887923,0.015000987343519144,0.05689550706531425,0.05239086018112398,0.06116349622748977,False,0.0,False,True,False,False,False,True,0.015784680764949932
48,0.7,risk_independent,good,0.5,0.8944271909999159,0.2,0.13654634780340053,0.13181085367927847,0.1421527988227888,0.056197761017547594,0.04828361017315649,0.06410270927800787,0.03954398074668131,0.03361510967636389,0.04553395500763925,0.08034858678585294,0.07487902555617276,0.08579312110571792,0.04787087088211447,0.04162262826617718,0.05427224497067067,0.08867547692128609,0.08517586979909375,0.09215334606206627,0.016653780270866284,0.008565603096441634,0.024042535213840727,0.08034858678585294,0.07487902555617276,0.08579312110571792,False,0.0,False,True,False,False,False,True,0.025648702594810335
49,0.7,risk_independent,medium,1.0,0.7071067811865475,0.05,0.0406040636566828,0.0374942075381595,0.044030827064320724,0.009461834908427306,0.005470060049509552,0.014225256554317074,0.0062543600390596345,0.0020950083611041047,0.011119389521561229,0.031142228748255493,0.02843293595204742,0.03378778493940216,0.007858097473743471,0.004164797514005553,0.011742891377948948,0.03274596618293933,0.03051107329866186,0.034495047895824145,0.0032074748693676743,-0.0015600347648529525,0.007066790057871749,0.031142228748255493,0.02843293595204742,0.03378778493940216,False,0.0,False,True,False,False,False,False,0.00867460157353235
50,0.7,risk_independent,medium,1.0,0.7071067811865475,0.1,0.07043191073828231,0.06600883538448916,0.07535307470393224,0.019211167146023698,0.012527699467263394,0.024936458250771256,0.013106746803367677,0.008179892621427043,0.017864060129517988,0.051220743592258616,0.046719783603796146,0.05456371067434467,0.016158956974695687,0.010981723889843725,0.020427741977536037,0.05427295376358662,0.05152369928496592,0.05734915220527142,0.006104420342656018,0.0011500773991988803,0.012292695466124071,0.051220743592258616,0.046719783603796146,0.05456371067434467,False,0.0,False,True,False,False,False,True,0.01417165668662676
51,0.7,risk_independent,medium,1.0,0.7071067811865475,0.2,0.11834201170954063,0.11328010576267236,0.12399827861207932,0.04032759209770341,0.0330405478183861,0.04797392237060248,0.026915538958391806,0.02069040634121555,0.034553168096982646,0.07801441961183724,0.07149240176642647,0.0836136837971641,0.03362156552804761,0.02814166977310304,0.041694208873282734,0.08472044618149303,0.0792846178447343,0.08876160318071967,0.013412053139311604,0.0056063087655444915,0.019843336753272482,0.07801441961183724,0.07149240176642647,0.0836136837971641,False,0.0,False,True,False,False,False,True,0.020706819313091096
52,0.7,risk_independent,weak,2.0,0.4472135954999579,0.05,0.029145716274083355,0.026566933868066737,0.03219253811450683,0.004489256446670317,0.000795986720137281,0.007992569424434846,0.0032016464450825553,-0.00015835511763523274,0.006434408693729834,0.024656459827413036,0.02242463321407775,0.026910745624900975,0.0038454514458764366,0.0011460198419557532,0.006288125847174313,0.025300264828206912,0.02349631403913477,0.027090943762946816,0.001287610001587762,-0.002067075502099168,0.00544379486379647,0.024656459827413036,0.02242463321407775,0.026910745624900975,False,0.0,False,True,False,False,False,False,0.006634977223212504
53,0.7,risk_independent,weak,2.0,0.4472135954999579,0.1,0.0530676803561744,0.04931061217560173,0.05704981157774942,0.009664962753925668,0.0048879636933980095,0.014902758447233693,0.006524600039509297,0.0023954439121368666,0.010215408876902688,0.04340271760224872,0.04017987405862644,0.0470528360713308,0.008094781396717482,0.0037837559842779896,0.012190615211005592,0.04497289895945691,0.042981558953440725,0.047567890896086276,0.0031403627144163714,-0.0014686577378942914,0.007941322350708293,0.04340271760224872,0.04017987405862644,0.0470528360713308,False,0.0,False,True,False,False,False,False,0.010557474099654657
54,0.7,risk_independent,weak,2.0,0.4472135954999579,0.2,0.09458925822924716,0.09053961620880346,0.09966565003782527,0.021344027576324275,0.014814804540576534,0.028836669295230866,0.014742762163024795,0.008358694144485788,0.021278680016886913,0.07324523065292285,0.06782677614165078,0.07790113869262001,0.018043394869674538,0.012827916545754388,0.02370501180071423,0.0765458633595726,0.07304402784565939,0.07953663816139535,0.00660126541329949,-0.0010447339352071315,0.01223083990164905,0.07324523065292285,0.06782677614165078,0.07790113869262001,False,0.0,False,True,False,False,False,False,0.01706484641638223
55,0.9,higher_risk_less_available,good,0.5,0.8944271909999159,0.05,0.03571103032926772,0.030234466023324108,0.04023938454615291,0.024344722891103853,0.018946040145355638,0.029107345004343265,0.022587838682071523,0.017896221779154387,0.02717888284178059,0.01136630743816388,0.009847306932257462,0.013195968968351837,0.023466280786587686,0.018309722072138088,0.028293468956433292,0.01224474954268004,0.01098815685718505,0.013463524157225059,0.0017568842090323236,-0.0006592100724943691,0.004080207235102841,0.01136630743816388,0.009847306932257462,0.013195968968351837,False,0.0,False,True,False,False,False,False,0.004795204795204788
56,0.9,higher_risk_less_available,good,0.5,0.8944271909999159,0.1,0.05826702755588047,0.05147856571834384,0.0635782713851576,0.040210016889238656,0.03399565062932652,0.0460469934593369,0.03747956822478341,0.03108596468373959,0.04396120466210903,0.01805701066664181,0.015429885097165544,0.020145648392300326,0.03884479255701104,0.03225149106984261,0.04424810392002358,0.019422234998869428,0.01757073113362984,0.021069021699856375,0.0027304486644552373,-0.00044913715922909254,0.006072608844865462,0.01805701066664181,0.015429885097165544,0.020145648392300326,False,0.0,False,True,False,False,False,False,0.007713884992987419
57,0.9,higher_risk_less_available,good,0.5,0.8944271909999159,0.2,0.0913784084414173,0.08419605057401122,0.09746821745957952,0.06523368805567047,0.05717016936559399,0.07224313450985062,0.06101619023027352,0.054143440153308,0.06755679471292853,0.02614472038574683,0.023573752514976072,0.029470977954870674,0.06312493914297199,0.05591318627096281,0.06949980590982278,0.028253469298445303,0.026108507268789834,0.030448967643431697,0.004217497825396949,0.00014840909299876638,0.007825215241066124,0.02614472038574683,0.023573752514976072,0.029470977954870674,False,0.0,False,True,False,False,False,True,0.009345794392523366
58,0.9,higher_risk_less_available,medium,1.0,0.7071067811865475,0.05,0.02961034944785186,0.024869226481568057,0.03408280393386167,0.0202339571559498,0.015567170379599642,0.024857986691792133,0.018403749666091995,0.013856959222230408,0.022937791054767395,0.009376392291902062,0.008021388282124588,0.010932174796288054,0.0193188534110209,0.01468796392879466,0.024011109059700254,0.010291496036830963,0.008927219676577874,0.011302358516075963,0.0018302074898578053,-0.0004529231186972543,0.0043195607702448905,0.009376392291902062,0.008021388282124588,0.010932174796288054,False,0.0,False,True,False,False,False,False,0.005325027629860368
59,0.9,higher_risk_less_available,medium,1.0,0.7071067811865475,0.1,0.04964560900404973,0.044385421932233285,0.054173740575943624,0.03388329807171618,0.027616204239880298,0.03946289849942894,0.031118726198683527,0.025073344547507283,0.03605170872901413,0.015762310932333552,0.013597587156415968,0.01812662348831563,0.03250101213519986,0.026315004507522922,0.03719071083028187,0.017144596868849882,0.015697318534540133,0.01878832892597033,0.0027645718730326596,-0.0002599358605882312,0.005486790798230037,0.015762310932333552,0.013597587156415968,0.01812662348831563,False,0.0,False,True,False,False,False,False,0.0059880239520958
60,0.9,higher_risk_less_available,medium,1.0,0.7071067811865475,0.2,0.08068069366028642,0.07441305475675812,0.08554944313331532,0.05570526328487405,0.0490278216859426,0.0612874474327847,0.051686253723884946,0.0450058037121385,0.0572652570194266,0.024975430375412354,0.022312846703752054,0.027738955398937018,0.053695758504379514,0.047222769469703434,0.0593490313673038,0.0269849351559069,0.024534150979544537,0.029314817179794495,0.0040190095609891055,-0.00029949157430165103,0.007266626295728995,0.024975430375412354,0.022312846703752054,0.027738955398937018,False,0.0,False,True,False,False,False,False,0.00831496694049283
61,0.9,higher_risk_less_available,weak,2.0,0.4472135954999579,0.05,0.020703725386917168,0.018313900560044814,0.023999206579277135,0.013301076836999555,0.010834376253031528,0.017297455828301108,0.012190636242625334,0.009774997925796312,0.01522414914674512,0.00740264854991762,0.0058891857160562906,0.0088905475695273,0.012745856539812441,0.010403215715364377,0.016026598645053586,0.007957868847104728,0.006979513718153541,0.008927142096838451,0.0011104405943742175,-0.000897903001944364,0.00327575075358789,0.00740264854991762,0.0058891857160562906,0.0088905475695273,False,0.0,False,True,False,False,False,False,0.003863298662704309
62,0.9,higher_risk_less_available,weak,2.0,0.4472135954999579,0.1,0.036831465843670086,0.03251259191856805,0.04133048060682872,0.02341652975454313,0.018727333390261107,0.028097500900024656,0.021613571126077504,0.017140732672612975,0.026111190269740146,0.013414936089126958,0.011130918994514231,0.015237832067145492,0.02251505044031032,0.018111238446077534,0.026898276052764156,0.014316415403359763,0.01285997926502924,0.015801049972410858,0.0018029586284656158,-0.0007531634331607098,0.00502861108917372,0.013414936089126958,0.011130918994514231,0.015237832067145492,False,0.0,False,True,False,False,False,False,0.00544875089955793
63,0.9,higher_risk_less_available,weak,2.0,0.4472135954999579,0.2,0.06366240651307971,0.05932234355008062,0.06848456230880141,0.04084424540017386,0.034307371857772384,0.04617727838640753,0.03781427180293799,0.032771709430285546,0.04293854541798746,0.022818161112905834,0.020271461488321835,0.025964384406991958,0.03932925860155592,0.03405566391852402,0.0443783962301864,0.024333147911523776,0.022669288719902165,0.026136837105087213,0.003029973597235881,-0.000803006215357472,0.006455088821159488,0.022818161112905834,0.020271461488321835,0.025964384406991958,False,0.0,False,True,False,False,False,False,0.0077023106932079255
64,0.9,higher_risk_more_available,good,0.5,0.8944271909999159,0.05,0.013312990266645197,0.011561336004188828,0.015257897914812068,0.00018942767898407986,-0.0008592086048666451,0.001165687102251756,0.0001825050060693048,-0.0006557993638066549,0.0010578430037438324,0.013123562587661118,0.011288463233680712,0.014930435552487731,0.00018596634252669234,-0.0006047747828683291,0.0009753898072805546,0.013127023924118509,0.011516188702544934,0.014874216153003255,6.922672914775052e-06,-0.0009039713682031769,0.0011546158701657987,0.013123562587661118,0.011288463233680712,0.014930435552487731,False,0.36,False,False,False,False,False,False,0.0015172971879425512
65,0.9,higher_risk_more_available,good,0.5,0.8944271909999159,0.1,0.021128462254923625,0.018423928591256578,0.023964710979636324,0.0004061323907439618,-0.0011061774046848452,0.0020772984566231898,0.0003273540285893653,-0.0013441012449911596,0.0016389434118151754,0.02072232986417966,0.018302706456495448,0.023076230522514327,0.00036674320966666353,-0.001045889831882374,0.0018135693544767966,0.020761719045256966,0.01847067891991846,0.02313430034512124,7.87783621545965e-05,-0.0015587646620219887,0.0015685525183221699,0.02072232986417966,0.018302706456495448,0.023076230522514327,False,0.33,False,False,False,False,False,False,0.001912045889101377
66,0.9,higher_risk_more_available,good,0.5,0.8944271909999159,0.2,0.031572468934129565,0.02842006833725483,0.03473257650269123,0.001415969343713278,-0.0007028297070780176,0.0035691107136325752,0.0011831921474954516,-0.0014189140224426077,0.0034606434229487687,0.030156499590416285,0.02717749313993979,0.033097742819264434,0.0012995807456043648,-0.0006153819876572618,0.003149524037487539,0.030272888188525197,0.027696973054440504,0.032977320726180946,0.00023277719621782656,-0.0018530559167750107,0.0022089920461636253,0.030156499590416285,0.02717749313993979,0.033097742819264434,False,0.09,False,False,False,False,False,False,0.003644961087577614
67,0.9,higher_risk_more_available,medium,1.0,0.7071067811865475,0.05,0.010809512876236469,0.009219664781498074,0.01241082552399712,-0.0004169503070291167,-0.0014645359440676972,0.0006560185943948596,-0.0003974066356817149,-0.0014116021675807018,0.0006659589635826807,0.011226463183265582,0.0097319068117776,0.01313231506801982,-0.0004071784713554158,-0.0012626259985965118,0.00045216969308878877,0.011216691347591883,0.00949206475347537,0.013089379846979778,-1.9543671347402176e-05,-0.0012473407698387069,0.0011088298135363054,0.011226463183265582,0.0097319068117776,0.01313231506801982,True,0.73,False,False,False,False,False,False,0.00132802124834
68,0.9,higher_risk_more_available,medium,1.0,0.7071067811865475,0.1,0.017801893478653824,0.01568817310579205,0.020100693490147658,-0.0007533134818053827,-0.002363462508770546,0.001003166700724243,-0.0007614343651005623,-0.0025508644027185793,0.0008122496338738746,0.018555206960459206,0.016529869292446146,0.021039439286028135,-0.0007573739234529725,-0.0023842763814005625,0.0007382684711378855,0.018559267402106797,0.016492693017313764,0.020698901479760706,8.12088329517957e-06,-0.001360030476551661,0.0018004528596531801,0.018555206960459206,0.016529869292446146,0.021039439286028135,True,0.79,False,False,False,False,False,False,0.002487562189054715
69,0.9,higher_risk_more_available,medium,1.0,0.7071067811865475,0.2,0.02797267314827788,0.02467698519110503,0.031205902125745377,-0.0012684600234467048,-0.003232756397323004,0.0010082452321086052,-0.0010805111113406846,-0.0032830568124685654,0.0010110650782244486,0.02924113317172458,0.025748106642022567,0.03250952999145263,-0.0011744855673936946,-0.0029651461296829468,0.0009117829150596974,0.02914715871567157,0.025617611423073935,0.03183952843681944,-0.00018794891210602017,-0.0022327438602763165,0.002173300989047216,0.02924113317172458,0.025748106642022567,0.03250952999145263,True,0.83,False,False,False,False,False,False,0.0029151588258946592
70,0.9,higher_risk_more_available,weak,2.0,0.4472135954999579,0.05,0.007308140905209957,0.005853335173838485,0.008726261260244148,-0.0014525198917617749,-0.0028231711264442945,-9.969366507730296e-05,-0.0012082951758976802,-0.002674018787573346,-4.786376461104937e-05,0.008760660796971732,0.007350667500855196,0.010060035019300891,-0.0013304075338297272,-0.0025557831555021535,-0.0002691357544776594,0.008638548439039684,0.00731112839950446,0.009781513329345895,-0.0002442247158640945,-0.0015554453433281237,0.0013083000026248054,0.008760660796971732,0.007350667500855196,0.010060035019300891,True,0.99,True,False,True,False,False,False,0.0018774703557312283
71,0.9,higher_risk_more_available,weak,2.0,0.4472135954999579,0.1,0.012702859639841697,0.010605996872694784,0.01472829428693262,-0.002679843053465015,-0.0043332338902147965,-0.000999547314842539,-0.0025325719800389007,-0.0042346801709317395,-0.0005459274282860971,0.015382702693306714,0.012833969681096073,0.0175416195858734,-0.0026062075167519578,-0.003834043093368179,-0.0010979350008324103,0.015309067156593654,0.013084905575174083,0.01704274464944065,-0.00014727107342611372,-0.0023676310408746112,0.002235519792504074,0.015382702693306714,0.012833969681096073,0.0175416195858734,True,1.0,True,False,True,False,False,False,0.0035661218424962726
72,0.9,higher_risk_more_available,weak,2.0,0.4472135954999579,0.2,0.021012554537956765,0.01908778679768422,0.023343334027188682,-0.005225533164912215,-0.007846422999739335,-0.0029212292871948022,-0.0048754227989457255,-0.007471052031191343,-0.0022810297007139777,0.02623808770286898,0.02359388224470047,0.02908360425461048,-0.00505047798192897,-0.00726935353619761,-0.003122910050563024,0.02606303251988573,0.023586735023403513,0.028334600718880942,-0.0003501103659664895,-0.0032477996281707723,0.002597850905686061,0.02623808770286898,0.02359388224470047,0.02908360425461048,True,1.0,True,False,True,False,False,False,0.004102461476886199
73,0.9,risk_independent,good,0.5,0.8944271909999159,0.05,0.016769821956255603,0.014942515889641758,0.018884765659179594,0.0040987776127738886,0.0013985521004036966,0.0073881704256951,0.0036514979911025005,0.00034740936163491984,0.006424390341551603,0.012671044343481716,0.010730875064131694,0.01446680754631804,0.0038751378019381945,0.001118349051022372,0.006544681369387973,0.012894684154317408,0.011596741995820897,0.014352165710513568,0.0004472796216713881,-0.0022159378823348188,0.0029648097914724363,0.012671044343481716,0.010730875064131694,0.01446680754631804,False,0.0,False,True,False,False,False,False,0.004620329449578131
74,0.9,risk_independent,good,0.5,0.8944271909999159,0.1,0.028167071761836606,0.02571468738612275,0.030834458267847843,0.008078517329923977,0.0033830778575073524,0.011776712655149358,0.007375057809147188,0.003130138933286647,0.011109307700388696,0.02008855443191263,0.017987829190284577,0.022639882809201525,0.0077267875695355825,0.004531203765568812,0.01078769656634456,0.020440284192301022,0.018821115318664334,0.022182782156722383,0.0007034595207767904,-0.003114770459081824,0.004167314967323166,0.02008855443191263,0.017987829190284577,0.022639882809201525,False,0.0,False,True,False,False,False,False,0.00485388806339776
75,0.9,risk_independent,good,0.5,0.8944271909999159,0.2,0.04530796614205977,0.04201849491046737,0.04869972261376966,0.01641304833467706,0.011871656026640198,0.02078491757703152,0.014953856956012876,0.011569911491577429,0.018387647349085573,0.028894917807382705,0.025984648330369058,0.032032801768460115,0.01568345264534497,0.012191294922453886,0.01926972456788731,0.02962451349671479,0.02755779075720415,0.031594369551545806,0.001459191378664182,-0.0026295853913513205,0.005402252707426561,0.028894917807382705,0.025984648330369058,0.032032801768460115,False,0.0,False,True,False,False,False,False,0.0069825436408977315
76,0.9,risk_independent,medium,1.0,0.7071067811865475,0.05,0.013521235894729549,0.011643669990793092,0.015358961583303446,0.0027876738069832706,0.0001837135294046673,0.004903632275462894,0.002319438915552448,0.00019889765478256702,0.005104104021681906,0.010733562087746283,0.0090398658479117,0.012431261732511417,0.0025535563612678596,0.0003761028669870493,0.004796205328664462,0.010967679533461694,0.009788275474869216,0.012160254924328859,0.00046823489143082184,-0.0018850352620256843,0.002774631665501022,0.010733562087746283,0.0090398658479117,0.012431261732511417,False,0.03,False,True,False,False,False,False,0.003193612774451099
77,0.9,risk_independent,medium,1.0,0.7071067811865475,0.1,0.023331952385958855,0.020763007116067152,0.02570769003578915,0.005415865734324665,0.0018237185137305622,0.008947324186519804,0.004807607094359841,0.0018991420081089622,0.00714851367299439,0.017916086651634192,0.015480351275129598,0.020050249942652122,0.005111736414342253,0.002285544711501413,0.007554142508703603,0.018220215971616605,0.01667158285719252,0.019913875709527143,0.0006082586399648235,-0.0024790717492860674,0.004353084005636732,0.017916086651634192,0.015480351275129598,0.020050249942652122,False,0.0,False,True,False,False,False,False,0.004728845960358191
78,0.9,risk_independent,medium,1.0,0.7071067811865475,0.2,0.03915028241699587,0.03588044841265055,0.04165649215048876,0.011741275763327499,0.007737108905443294,0.016222447107377472,0.0101561418139051,0.005637755422446952,0.014227867633214927,0.027409006653668366,0.02323078649191565,0.030475306650223893,0.010948708788616302,0.006977223342245008,0.01485873582390129,0.028201573628379564,0.02562529828351786,0.030532170961197615,0.0015851339494223993,-0.0026550636039342186,0.006325792284616183,0.027409006653668366,0.02323078649191565,0.030475306650223893,False,0.0,False,True,False,False,False,False,0.008233679670652805
79,0.9,risk_independent,weak,2.0,0.4472135954999579,0.05,0.009629697994322936,0.007930613296991325,0.011358085121491245,0.0013014384904209478,-0.0008156609220438943,0.003692142846348228,0.0011243052779564924,-0.001098861007250064,0.002944398818520336,0.00832825950390199,0.006907730147548161,0.010177517115284683,0.0012128718841887202,-0.0006475467407536172,0.0031654212195320586,0.008416826110134216,0.007227871622872687,0.00952432553130664,0.00017713321246445548,-0.0018221671945076185,0.002161112911933388,0.00832825950390199,0.006907730147548161,0.010177517115284683,False,0.12,False,False,False,False,False,False,0.00276679841897233
80,0.9,risk_independent,weak,2.0,0.4472135954999579,0.1,0.017503879163348116,0.015041132150513944,0.01981080972819036,0.002814730528220429,-5.146049794157794e-05,0.0058129724250871794,0.0022845816914467023,-0.0006508743466494826,0.004863321228792345,0.014689148635127689,0.012697289543610386,0.01653388698226404,0.002549656109833565,0.0001963384951545199,0.004899076001166462,0.014954223053514548,0.013658036428037887,0.016149611024852184,0.0005301488367737259,-0.002098208729247647,0.003942915705971112,0.014689148635127689,0.012697289543610386,0.01653388698226404,False,0.03,False,False,False,False,False,False,0.004887780548628401
81,0.9,risk_independent,weak,2.0,0.4472135954999579,0.2,0.03124498102125309,0.02805689763554205,0.033967122137843496,0.006090340106388322,0.0018544990482870921,0.00965574915608323,0.005381186498219903,0.001622809923477199,0.008802971659960053,0.025154640914864773,0.022145853017916294,0.0283804483098493,0.0057357633023041145,0.0023567595285116268,0.008965395705668415,0.02550921771894898,0.023411103252961578,0.027548915021185904,0.0007091536081684185,-0.0031294535191527125,0.004501601317918176,0.025154640914864773,0.022145853017916294,0.0283804483098493,False,0.0,False,True,False,False,False,False,0.00670201060318093