availability_target_fraction,availability_relation,availability_slope,model_quality,score_noise_sd,expected_score_latent_correlation,nominal_fraction,protocol,mean_delta_population_event_capture,sd_delta_population_event_capture,q025_delta_population_event_capture,q975_delta_population_event_capture,mean_delta_selected_n,sd_delta_selected_n,q025_delta_selected_n,q975_delta_selected_n,mean_delta_true_positive_n,sd_delta_true_positive_n,q025_delta_true_positive_n,q975_delta_true_positive_n,replicates
0.5,higher_risk_less_available,-1.0,good,0.5,0.8944271909999159,0.05,cohort_specific_top_fraction,0.11360792908124098,0.003407510688498994,0.1074931337155359,0.11965221156089419,2498.77,8.187024718258382,2484.0,2512.525,1134.18,34.698522659437174,1071.375,1198.35,100
0.5,higher_risk_less_available,-1.0,good,0.5,0.8944271909999159,0.05,fixed_absolute_budget,0.07695048817381835,0.0038237615908102594,0.06947734642543384,0.08352702252664465,0.0,0.0,0.0,0.0,768.21,38.29716211761161,690.95,830.0999999999999,100
0.5,higher_risk_less_available,-1.0,good,0.5,0.8944271909999159,0.05,fixed_calibration_threshold,0.1472338212799446,0.003616168011780402,0.13954463455048863,0.15353695748097768,4251.41,90.885552962909,4064.775,4418.675,1469.94,39.54330703561769,1382.275,1544.675,100
0.5,higher_risk_less_available,-1.0,good,0.5,0.8944271909999159,0.1,cohort_specific_top_fraction,0.19108384633647046,0.004315133625794309,0.18372983649218136,0.19862240172850376,4997.55,16.314692516844808,4967.475,5025.05,1907.63,43.92915669667252,1823.275,1991.625,100
0.5,higher_risk_less_available,-1.0,good,0.5,0.8944271909999159,0.1,fixed_absolute_budget,0.13544864259769474,0.005043101267469587,0.12592852981786226,0.14404790062547826,0.0,0.0,0.0,0.0,1352.21,50.62085149481986,1247.65,1434.4999999999998,100
0.5,higher_risk_less_available,-1.0,good,0.5,0.8944271909999159,0.1,fixed_calibration_threshold,0.2390025223285417,0.005069962044102207,0.2292369695194162,0.24768135741364536,8138.96,131.78248990842692,7877.675,8351.775,2386.11,56.07262516530943,2272.375,2486.05,100
0.5,higher_risk_less_available,-1.0,good,0.5,0.8944271909999159,0.2,cohort_specific_top_fraction,0.3086277434344095,0.0057219601596579595,0.2995850523218663,0.3204201646574625,9995.07,32.57384927461992,9935.425,10050.05,3081.19,63.566348857478886,2960.7,3222.6749999999997,100
0.5,higher_risk_less_available,-1.0,good,0.5,0.8944271909999159,0.2,fixed_absolute_budget,0.23040908117380038,0.00670834797630649,0.21902361126654524,0.2444900989093783,0.0,0.0,0.0,0.0,2300.29,69.99297150861693,2171.225,2435.7,100
0.5,higher_risk_less_available,-1.0,good,0.5,0.8944271909999159,0.2,fixed_calibration_threshold,0.3674350060034273,0.005456092353748973,0.3574715211225377,0.37791139962422177,15227.23,144.74197558051188,14970.5,15515.0,3668.3,64.1610190352083,3539.85,3794.35,100
0.5,higher_risk_less_available,-1.0,medium,1.0,0.7071067811865475,0.05,cohort_specific_top_fraction,0.09231603361887589,0.0027932467241262304,0.08767899390815757,0.09723900386116098,2498.77,8.187024718258382,2484.0,2512.525,921.6,27.83428595720527,867.85,971.05,100
0.5,higher_risk_less_available,-1.0,medium,1.0,0.7071067811865475,0.05,fixed_absolute_budget,0.060589965238393405,0.003124747346217191,0.05429844051242298,0.06638386512666736,0.0,0.0,0.0,0.0,604.85,30.661519660297134,538.95,664.15,100
0.5,higher_risk_less_available,-1.0,medium,1.0,0.7071067811865475,0.05,fixed_calibration_threshold,0.11421917344287506,0.0034625010439790524,0.10823539273040038,0.12146089856415897,3938.93,89.57917946676778,3792.125,4101.625,1140.33,36.7495083455053,1071.0,1214.4999999999998,100
0.5,higher_risk_less_available,-1.0,medium,1.0,0.7071067811865475,0.1,cohort_specific_top_fraction,0.1595168886095478,0.003983847597540777,0.15287578632367002,0.16687837376550535,4997.55,16.314692516844808,4967.475,5025.05,1592.49,40.37113054917068,1513.7,1677.0749999999998,100
0.5,higher_risk_less_available,-1.0,medium,1.0,0.7071067811865475,0.1,fixed_absolute_budget,0.10845019122311493,0.004978204244308411,0.1004014470859967,0.11815580217088789,0.0,0.0,0.0,0.0,1082.68,49.88489376818023,994.9,1170.525,100
0.5,higher_risk_less_available,-1.0,medium,1.0,0.7071067811865475,0.1,fixed_calibration_threshold,0.19160564531438168,0.004149117671974925,0.18359339129381244,0.19846154473381258,7521.09,115.99443516780877,7303.75,7747.825,1912.88,44.106684254879056,1815.95,1999.4499999999998,100
0.5,higher_risk_less_available,-1.0,medium,1.0,0.7071067811865475,0.2,cohort_specific_top_fraction,0.2681907289393449,0.005452233185897047,0.2587047463676139,0.2807246319130232,9995.07,32.57384927461992,9935.425,10050.05,2677.5,60.16467301322163,2541.0,2796.2,100
0.5,higher_risk_less_available,-1.0,medium,1.0,0.7071067811865475,0.2,fixed_absolute_budget,0.1898463166823815,0.00610777987510326,0.17770903627498016,0.20275191710311882,0.0,0.0,0.0,0.0,1895.36,64.05813647371306,1761.15,2009.1499999999999,100
0.5,higher_risk_less_available,-1.0,medium,1.0,0.7071067811865475,0.2,fixed_calibration_threshold,0.30945884004565366,0.0056890185739496505,0.2980200223818461,0.31984031638393856,14125.75,140.60126118376266,13864.475,14390.849999999999,3089.5,63.78285447714398,2948.25,3209.2,100
0.5,higher_risk_less_available,-1.0,weak,2.0,0.4472135954999579,0.05,cohort_specific_top_fraction,0.06646718692620995,0.0023234133802037117,0.06232683726368103,0.07116026514512201,2498.77,8.187024718258382,2484.0,2512.525,663.57,23.75857314696735,623.475,709.0999999999999,100
0.5,higher_risk_less_available,-1.0,weak,2.0,0.4472135954999579,0.05,fixed_absolute_budget,0.040975293534546084,0.002666300154973254,0.0362459884795747,0.04583595187392701,0.0,0.0,0.0,0.0,409.05,26.461092077603183,362.475,457.04999999999995,100
0.5,higher_risk_less_available,-1.0,weak,2.0,0.4472135954999579,0.05,fixed_calibration_threshold,0.07713735930877179,0.002504168213240973,0.07261530186901984,0.08245877863628596,3447.85,80.7852090422498,3278.85,3591.15,770.1,25.882992348824217,726.425,826.0999999999999,100
0.5,higher_risk_less_available,-1.0,weak,2.0,0.4472135954999579,0.1,cohort_specific_top_fraction,0.1205818229866732,0.0031482861139205125,0.11552607306567693,0.12664832470587678,4997.55,16.314692516844808,4967.475,5025.05,1203.82,32.84256292365045,1136.425,1259.575,100
0.5,higher_risk_less_available,-1.0,weak,2.0,0.4472135954999579,0.1,fixed_absolute_budget,0.07590854813830493,0.003750480918457327,0.0689601614508585,0.0831064178930911,0.0,0.0,0.0,0.0,757.82,37.778295302456364,689.95,831.525,100
0.5,higher_risk_less_available,-1.0,weak,2.0,0.4472135954999579,0.1,fixed_calibration_threshold,0.1368504105167293,0.003381336937106084,0.13060984222192282,0.1435037897162879,6614.57,108.35074498772005,6391.425,6805.0,1366.25,35.983547025906944,1294.9,1437.05,100
0.5,higher_risk_less_available,-1.0,weak,2.0,0.4472135954999579,0.2,cohort_specific_top_fraction,0.21380926794975608,0.0043327898511805,0.20611539316609168,0.22252388649172317,9995.07,32.57384927461992,9935.425,10050.05,2134.6,48.71292944331613,2034.375,2227.0,100
0.5,higher_risk_less_available,-1.0,weak,2.0,0.4472135954999579,0.2,fixed_absolute_budget,0.13807534920956108,0.004986144659940775,0.12920869949843355,0.14729383987081915,0.0,0.0,0.0,0.0,1378.53,52.66483598659498,1275.75,1484.4499999999998,100
0.5,higher_risk_less_available,-1.0,weak,2.0,0.4472135954999579,0.2,fixed_calibration_threshold,0.23628155373492674,0.004824062093447759,0.2287726951701233,0.24515991658140068,12594.77,144.74741881127017,12302.375,12842.625,2358.94,53.47100035334928,2246.375,2453.0,100
0.5,higher_risk_more_available,1.0,good,0.5,0.8944271909999159,0.05,cohort_specific_top_fraction,0.07164265384631192,0.002275333215532287,0.0675812930263548,0.07594267498824539,2500.75,7.1905872816165335,2487.475,2514.0,715.24,23.420667726768094,669.425,760.0999999999999,100
0.5,higher_risk_more_available,1.0,good,0.5,0.8944271909999159,0.05,fixed_absolute_budget,0.0020078606819036574,0.0016028404345517567,-0.0011709201752605916,0.004784342324957826,0.0,0.0,0.0,0.0,20.03,15.99397298100668,-11.625,47.62499999999996,100
0.5,higher_risk_more_available,1.0,good,0.5,0.8944271909999159,0.05,fixed_calibration_threshold,0.02138586588146819,0.0013907274924820933,0.018921207021954385,0.02396673218469711,746.12,32.36230504582125,687.375,814.3,213.51,14.053645416579625,188.0,239.04999999999998,100
0.5,higher_risk_more_available,1.0,good,0.5,0.8944271909999159,0.1,cohort_specific_top_fraction,0.11623330176331109,0.0030165809304775215,0.11125958487906595,0.12247965843084742,5001.43,14.42798557237869,4974.475,5028.525,1160.36,29.737070019309794,1108.0,1217.1499999999999,100
0.5,higher_risk_more_available,1.0,good,0.5,0.8944271909999159,0.1,fixed_absolute_budget,0.006233341179203809,0.002492659683192373,0.000735313961983218,0.010700296578004106,0.0,0.0,0.0,0.0,62.17,24.747637373203034,7.375,107.19999999999993,100
0.5,higher_risk_more_available,1.0,good,0.5,0.8944271909999159,0.1,fixed_calibration_threshold,0.044085452330181775,0.002062719641891633,0.04031849733069553,0.04735198459208654,1870.59,53.544297718634965,1775.45,1964.525,440.14,21.203687500912753,399.425,476.525,100
0.5,higher_risk_more_available,1.0,good,0.5,0.8944271909999159,0.2,cohort_specific_top_fraction,0.1795277417947176,0.0035348845228902956,0.17282792931957228,0.18725832041756565,10002.99,28.69783189642652,9949.95,10056.525,1792.29,37.44579786541846,1701.425,1871.25,100
0.5,higher_risk_more_available,1.0,good,0.5,0.8944271909999159,0.2,fixed_absolute_budget,0.020048508080836296,0.0038285690523157845,0.012035776580586192,0.026976463191645355,0.0,0.0,0.0,0.0,200.14,38.172394700512534,120.9,268.15,100
0.5,higher_risk_more_available,1.0,good,0.5,0.8944271909999159,0.2,fixed_calibration_threshold,0.08862885562577055,0.0028003421027722394,0.08384727799285514,0.0939493581172359,4783.48,80.53313265076339,4633.6,4921.599999999999,884.82,28.809853813715833,830.9,938.2499999999999,100
0.5,higher_risk_more_available,1.0,medium,1.0,0.7071067811865475,0.05,cohort_specific_top_fraction,0.057251644293637625,0.0020590156832758196,0.053940402300575896,0.06084244476444195,2500.75,7.1905872816165335,2487.475,2514.0,571.55,20.587028867123042,536.95,605.05,100
0.5,higher_risk_more_available,1.0,medium,1.0,0.7071067811865475,0.05,fixed_absolute_budget,-0.0028917157109228596,0.0018331021065020317,-0.00601342005270831,0.00041521794219172823,0.0,0.0,0.0,0.0,-28.89,18.344016171300364,-60.525,4.149999999999949,100
0.5,higher_risk_more_available,1.0,medium,1.0,0.7071067811865475,0.05,fixed_calibration_threshold,0.02144311822002471,0.0016260389417609904,0.018721168689811874,0.02499799647349061,1067.2,45.267108490725484,971.875,1151.25,214.08,16.348897964280795,183.85,248.77499999999992,100
0.5,higher_risk_more_available,1.0,medium,1.0,0.7071067811865475,0.1,cohort_specific_top_fraction,0.09609501743764737,0.0027468571239146985,0.09164722074904665,0.10198293933853088,5001.43,14.42798557237869,4974.475,5028.525,959.34,27.819119941929046,913.9,1012.675,100
0.5,higher_risk_more_available,1.0,medium,1.0,0.7071067811865475,0.1,fixed_absolute_budget,-0.0040634329787518405,0.0028054646159779394,-0.00912137374431303,0.0009605163853796448,0.0,0.0,0.0,0.0,-40.59,28.082524491544234,-91.525,9.624999999999957,100
0.5,higher_risk_more_available,1.0,medium,1.0,0.7071067811865475,0.1,fixed_calibration_threshold,0.04311443670887348,0.0019797753593522194,0.039417994194821164,0.04682221514771153,2488.66,60.27633671414321,2358.575,2610.725,430.42,19.819478226525472,395.0,469.575,100
0.5,higher_risk_more_available,1.0,medium,1.0,0.7071067811865475,0.2,cohort_specific_top_fraction,0.15579831142360254,0.003432880407804025,0.14959965131465205,0.16300551015719011,10002.99,28.69783189642652,9949.95,10056.525,1555.43,37.590632564053195,1470.425,1613.725,100
0.5,higher_risk_more_available,1.0,medium,1.0,0.7071067811865475,0.2,fixed_absolute_budget,-0.001539634936971422,0.0038518123857823063,-0.008130859961896286,0.005275872160938007,0.0,0.0,0.0,0.0,-15.36,38.48665517114505,-81.1,52.19999999999993,100
0.5,higher_risk_more_available,1.0,medium,1.0,0.7071067811865475,0.2,fixed_calibration_threshold,0.08510045702544203,0.0026843641547425736,0.08010752393455713,0.08971496556290401,5888.61,92.76165776610048,5718.9,6067.575,849.61,28.05546274612112,791.75,895.05,100
0.5,higher_risk_more_available,1.0,weak,2.0,0.4472135954999579,0.05,cohort_specific_top_fraction,0.03922600322477315,0.0018374172402253486,0.035965943555495795,0.042662008990348325,2500.75,7.1905872816165335,2487.475,2514.0,391.6,18.378182058015852,359.0,424.525,100
0.5,higher_risk_more_available,1.0,weak,2.0,0.4472135954999579,0.05,fixed_absolute_budget,-0.009744279554426914,0.0019131849547069544,-0.013268337656512386,-0.005616286555740893,0.0,0.0,0.0,0.0,-97.3,19.205691496496186,-133.05,-55.95000000000002,100
0.5,higher_risk_more_available,1.0,weak,2.0,0.4472135954999579,0.05,fixed_calibration_threshold,0.02046072803764094,0.0014524181124934462,0.017659180582899912,0.023100992411080837,1570.98,48.58793548554492,1466.0,1646.1499999999999,204.26,14.442935430111977,175.85,230.04999999999998,100
0.5,higher_risk_more_available,1.0,weak,2.0,0.4472135954999579,0.1,cohort_specific_top_fraction,0.06991484965354691,0.00242133305954598,0.06564498022217433,0.07532227706574954,5001.43,14.42798557237869,4974.475,5028.525,697.99,24.82524578494296,648.425,750.0999999999999,100
0.5,higher_risk_more_available,1.0,weak,2.0,0.4472135954999579,0.1,fixed_absolute_budget,-0.01764638295142975,0.002741469218743941,-0.023013356928553497,-0.012195740928615233,0.0,0.0,0.0,0.0,-176.2,27.58824226207808,-231.1,-121.90000000000003,100
0.5,higher_risk_more_available,1.0,weak,2.0,0.4472135954999579,0.1,fixed_calibration_threshold,0.04038409254427086,0.0018904129242466694,0.037097633957091654,0.043736047399114644,3394.33,73.45211523382585,3226.325,3521.1,403.17,19.059743922304897,366.475,433.525,100
0.5,higher_risk_more_available,1.0,weak,2.0,0.4472135954999579,0.2,cohort_specific_top_fraction,0.1203684476548295,0.0027539829414335243,0.11621512754520588,0.12635909156752378,10002.99,28.69783189642652,9949.95,10056.525,1201.71,29.854629270665693,1153.0,1257.575,100
0.5,higher_risk_more_available,1.0,weak,2.0,0.4472135954999579,0.2,fixed_absolute_budget,-0.030449284583418078,0.004093277963615891,-0.03735179670154609,-0.022844813860869142,0.0,0.0,0.0,0.0,-303.95,40.65384174324548,-376.575,-226.95000000000002,100
0.5,higher_risk_more_available,1.0,weak,2.0,0.4472135954999579,0.2,fixed_calibration_threshold,0.07879296549299106,0.002608786570632861,0.07387022558380417,0.08364986635870994,7404.8,103.42010042403349,7203.75,7585.625,786.66,27.78205946798812,736.475,833.675,100
0.5,risk_independent,0.0,good,0.5,0.8944271909999159,0.05,cohort_specific_top_fraction,0.08430420198632946,0.002475609676929548,0.07998820235744701,0.08909922826139512,2499.96,7.458870388654535,2485.95,2513.0,841.63,25.145096114070803,794.475,889.8249999999999,100
0.5,risk_independent,0.0,good,0.5,0.8944271909999159,0.05,fixed_absolute_budget,0.02719422191072626,0.0031040858089990734,0.02148599874841354,0.03431187839831279,0.0,0.0,0.0,0.0,271.49,31.094023265384667,215.225,340.92499999999984,100
0.5,risk_independent,0.0,good,0.5,0.8944271909999159,0.05,fixed_calibration_threshold,0.0843655147708369,0.0027661581507104236,0.08001009268151132,0.09045417405726813,2500.66,61.823015556710374,2363.75,2615.6749999999997,842.27,28.821938543653538,792.475,911.8749999999999,100
0.5,risk_independent,0.0,good,0.5,0.8944271909999159,0.1,cohort_specific_top_fraction,0.14134468785282256,0.003253030838192831,0.13583013491366874,0.1477995429999257,4999.96,14.877221419731484,4972.425,5026.525,1411.08,33.36261743964706,1354.225,1484.6999999999998,100
0.5,risk_independent,0.0,good,0.5,0.8944271909999159,0.1,fixed_absolute_budget,0.05465585533028527,0.003798536248552592,0.04642381652278915,0.06154389254081528,0.0,0.0,0.0,0.0,545.59,37.28950213796062,464.425,608.5749999999999,100
0.5,risk_independent,0.0,good,0.5,0.8944271909999159,0.1,fixed_calibration_threshold,0.141556948260616,0.003893667524462528,0.1353964881943046,0.14945647132706955,5008.92,94.26383348363413,4849.375,5185.575,1413.25,41.429354498246944,1346.475,1492.05,100
0.5,risk_independent,0.0,good,0.5,0.8944271909999159,0.2,cohort_specific_top_fraction,0.22789645585163051,0.004017674567457813,0.22101019349196468,0.2360611660055621,9999.91,29.783425327561375,9944.8,10052.525,2275.18,43.699936435244894,2200.0,2361.875,100
0.5,risk_independent,0.0,good,0.5,0.8944271909999159,0.2,fixed_absolute_budget,0.109374464610505,0.005944506749245574,0.09814442362250282,0.12098916280300023,0.0,0.0,0.0,0.0,1091.95,60.367121796052146,980.95,1209.7749999999999,100
0.5,risk_independent,0.0,good,0.5,0.8944271909999159,0.2,fixed_calibration_threshold,0.22804442499478575,0.004226508759088689,0.22087335454487808,0.23735259040174472,10010.36,116.2938215439364,9789.95,10238.15,2276.68,46.766749821736475,2196.425,2358.575,100
0.5,risk_independent,0.0,medium,1.0,0.7071067811865475,0.05,cohort_specific_top_fraction,0.06775952439950376,0.002291397648904644,0.0639329553178087,0.07149720390387314,2499.96,7.458870388654535,2485.95,2513.0,676.45,22.86692949756186,637.475,721.5749999999999,100
0.5,risk_independent,0.0,medium,1.0,0.7071067811865475,0.05,fixed_absolute_budget,0.01839771807246004,0.003004215762474403,0.012918972454745109,0.02344527980504887,0.0,0.0,0.0,0.0,183.63,29.77683154685362,130.125,235.14999999999995,100
0.5,risk_independent,0.0,medium,1.0,0.7071067811865475,0.05,fixed_calibration_threshold,0.06784218055942202,0.0027049044045145184,0.06310717750454001,0.0732964893902105,2503.46,69.47863853099895,2368.95,2633.05,677.3,27.629036109926755,628.0,741.0249999999999,100
0.5,risk_independent,0.0,medium,1.0,0.7071067811865475,0.1,cohort_specific_top_fraction,0.11735740307618339,0.0030880759351739418,0.11160547801397527,0.12411307263472161,4999.96,14.877221419731484,4972.425,5026.525,1171.59,30.755173663478267,1111.475,1235.8749999999998,100
0.5,risk_independent,0.0,medium,1.0,0.7071067811865475,0.1,fixed_absolute_budget,0.03736261064130957,0.004065820916532022,0.028947444784660947,0.04626808766502542,0.0,0.0,0.0,0.0,372.94,40.09403593019437,291.9,458.62499999999994,100
0.5,risk_independent,0.0,medium,1.0,0.7071067811865475,0.1,fixed_calibration_threshold,0.11746422134364881,0.003326138247529042,0.11135561362695627,0.12428923014529175,5007.84,92.46628869731143,4842.475,5182.825,1172.68,33.971729185285575,1110.8,1247.725,100
0.5,risk_independent,0.0,medium,1.0,0.7071067811865475,0.2,cohort_specific_top_fraction,0.19717854769909438,0.0038520020167717027,0.19060093554821542,0.205613944094456,9999.91,29.783425327561375,9944.8,10052.525,1968.51,41.155407612579616,1904.9,2046.575,100
0.5,risk_independent,0.0,medium,1.0,0.7071067811865475,0.2,fixed_absolute_budget,0.078292646594505,0.005025747127902066,0.0699785544122133,0.08672437466975826,0.0,0.0,0.0,0.0,781.65,50.935367046499394,695.275,865.3999999999999,100
0.5,risk_independent,0.0,medium,1.0,0.7071067811865475,0.2,fixed_calibration_threshold,0.19731511867766152,0.004212305605511967,0.1902341617021702,0.20507690665920647,10013.06,115.77650186388594,9805.175,10252.3,1969.89,45.252355259871905,1887.475,2055.525,100
0.5,risk_independent,0.0,weak,2.0,0.4472135954999579,0.05,cohort_specific_top_fraction,0.04864788700146953,0.0019091418973869974,0.04593889749687525,0.052527858930387306,2499.96,7.458870388654535,2485.95,2513.0,485.65,18.85584602432172,455.9,523.675,100
0.5,risk_independent,0.0,weak,2.0,0.4472135954999579,0.05,fixed_absolute_budget,0.008932336848957778,0.002456401676714672,0.0038987340879367617,0.013444350020957408,0.0,0.0,0.0,0.0,89.14,24.38413957116926,39.375,134.575,100
0.5,risk_independent,0.0,weak,2.0,0.4472135954999579,0.05,fixed_calibration_threshold,0.04882304793583222,0.002207745850134446,0.04526841346426399,0.052757867301730245,2509.73,70.19983812465148,2371.475,2640.575,487.4,21.91166840113304,450.85,530.5749999999999,100
0.5,risk_independent,0.0,weak,2.0,0.4472135954999579,0.1,cohort_specific_top_fraction,0.08858106986396534,0.0025977202024980786,0.08400771950435572,0.09402945723381544,4999.96,14.877221419731484,4972.425,5026.525,884.33,26.447987836621156,828.0,946.8249999999999,100
0.5,risk_independent,0.0,weak,2.0,0.4472135954999579,0.1,fixed_absolute_budget,0.019627836644446787,0.0034014654796489575,0.01245953558346447,0.026708737024716555,0.0,0.0,0.0,0.0,195.92,33.8068428910868,125.425,266.525,100
0.5,risk_independent,0.0,weak,2.0,0.4472135954999579,0.1,fixed_calibration_threshold,0.08863003434437648,0.0028122335756969744,0.08306792252109393,0.0934499854149634,5006.13,96.37391983437439,4798.65,5174.1,884.82,28.60401186808408,829.0,941.625,100
0.5,risk_independent,0.0,weak,2.0,0.4472135954999579,0.2,cohort_specific_top_fraction,0.15761409096561732,0.0033935759141231836,0.15091419867831288,0.163737400393803,9999.91,29.783425327561375,9944.8,10052.525,1573.55,37.02043525220397,1499.225,1642.525,100
0.5,risk_independent,0.0,weak,2.0,0.4472135954999579,0.2,fixed_absolute_budget,0.042302133720988254,0.004649959721535719,0.03340968407362807,0.052791810716510505,0.0,0.0,0.0,0.0,422.35,46.77074433075151,333.8,524.5749999999999,100
0.5,risk_independent,0.0,weak,2.0,0.4472135954999579,0.2,fixed_calibration_threshold,0.1576627270731321,0.0037539392819009912,0.15064884832296174,0.16444164754144172,10004.57,127.47011969140615,9750.275,10225.125,1574.04,40.5265644268352,1495.9,1644.575,100
0.7,higher_risk_less_available,-1.0,good,0.5,0.8944271909999159,0.05,cohort_specific_top_fraction,0.08132456519774602,0.0032082771096654567,0.0750602358330958,0.08631663746345049,1499.3,6.780095646058171,1486.475,1511.0,811.91,33.05003705739147,746.475,867.15,100
0.7,higher_risk_less_available,-1.0,good,0.5,0.8944271909999159,0.05,fixed_absolute_budget,0.05408180826550429,0.0034481168110484742,0.046962025440222224,0.060196153530405146,0.0,0.0,0.0,0.0,539.9,34.440550447858925,471.425,595.5749999999999,100
0.7,higher_risk_less_available,-1.0,good,0.5,0.8944271909999159,0.05,fixed_calibration_threshold,0.12178439747638034,0.0033349197462824412,0.11548724189160695,0.1279699936190336,3415.95,78.3097159754881,3250.25,3553.625,1215.87,36.23427001103131,1141.75,1286.525,100
0.7,higher_risk_less_available,-1.0,good,0.5,0.8944271909999159,0.1,cohort_specific_top_fraction,0.1357825694586371,0.003914482766991962,0.12839580070615564,0.14302546166551314,2998.68,13.39069479417357,2973.475,3021.525,1355.55,39.73888892419229,1281.475,1434.575,100
0.7,higher_risk_less_available,-1.0,good,0.5,0.8944271909999159,0.1,fixed_absolute_budget,0.0932759526013227,0.004535178240856752,0.08456096542893789,0.1017009735734801,0.0,0.0,0.0,0.0,931.18,45.22097930935341,846.475,1018.0,100
0.7,higher_risk_less_available,-1.0,good,0.5,0.8944271909999159,0.1,fixed_calibration_threshold,0.19081038133350234,0.00453197169319854,0.18214869888497787,0.19964632429133344,6253.32,103.05729307800424,6056.8,6435.7,1904.99,49.68598261770485,1817.0,1996.575,100
0.7,higher_risk_less_available,-1.0,good,0.5,0.8944271909999159,0.2,cohort_specific_top_fraction,0.21767976090697125,0.005254812624976385,0.20963188672972533,0.2281262088584511,5997.43,26.7503440929441,5946.95,6043.0,2173.21,56.10763375563584,2070.125,2289.1,100
0.7,higher_risk_less_available,-1.0,good,0.5,0.8944271909999159,0.2,fixed_absolute_budget,0.15622655166940547,0.006155241228600978,0.14520975282287926,0.16790763522812518,0.0,0.0,0.0,0.0,1559.69,63.08607155499877,1450.475,1684.7749999999999,100
0.7,higher_risk_less_available,-1.0,good,0.5,0.8944271909999159,0.2,fixed_calibration_threshold,0.2808609571548648,0.004686912844634377,0.2726767704361253,0.29051400904142205,11054.73,117.38152032211592,10808.45,11291.1,2804.0,54.31483232139275,2696.85,2903.625,100
0.7,higher_risk_less_available,-1.0,medium,1.0,0.7071067811865475,0.05,cohort_specific_top_fraction,0.06669296208115279,0.0028462392159247997,0.06158006000228799,0.07219917359198173,1499.3,6.780095646058171,1486.475,1511.0,665.81,28.579393226094165,618.325,721.625,100
0.7,higher_risk_less_available,-1.0,medium,1.0,0.7071067811865475,0.05,fixed_absolute_budget,0.04355591284363292,0.002980403514559352,0.038495505156981566,0.049241843685966624,0.0,0.0,0.0,0.0,434.81,29.55894470581134,381.425,492.04999999999995,100
0.7,higher_risk_less_available,-1.0,medium,1.0,0.7071067811865475,0.05,fixed_calibration_threshold,0.09173714812326826,0.0031481166906203394,0.08564291590268282,0.09807348621284476,2984.24,73.49859065507876,2860.85,3124.975,915.88,33.10994235616067,854.425,983.05,100
0.7,higher_risk_less_available,-1.0,medium,1.0,0.7071067811865475,0.1,cohort_specific_top_fraction,0.11428343996762491,0.0036249383298799748,0.10748251944530247,0.12227594437914566,2998.68,13.39069479417357,2973.475,3021.525,1140.92,36.70072247658117,1080.375,1221.925,100
0.7,higher_risk_less_available,-1.0,medium,1.0,0.7071067811865475,0.1,fixed_absolute_budget,0.07576867434752074,0.004196796186763179,0.06645462056093841,0.08488696016944895,0.0,0.0,0.0,0.0,756.38,41.476969391446495,671.9,847.7249999999999,100
0.7,higher_risk_less_available,-1.0,medium,1.0,0.7071067811865475,0.1,fixed_calibration_threshold,0.14987049054712118,0.003771783988817857,0.1435932521882142,0.15714886630168154,5492.49,89.66993291336215,5353.0,5665.675,1496.22,39.51002430019526,1422.9,1577.3,100
0.7,higher_risk_less_available,-1.0,medium,1.0,0.7071067811865475,0.2,cohort_specific_top_fraction,0.19011380014028753,0.00463255962713192,0.1810513961236621,0.19862943629476945,5997.43,26.7503440929441,5946.95,6043.0,1898.04,50.73837031500147,1806.0,1994.525,100
0.7,higher_risk_less_available,-1.0,medium,1.0,0.7071067811865475,0.2,fixed_absolute_budget,0.13016770330703528,0.005644489170385496,0.1182668306973671,0.140712054070752,0.0,0.0,0.0,0.0,1299.55,58.010339552096184,1180.175,1401.4999999999998,100
0.7,higher_risk_less_available,-1.0,medium,1.0,0.7071067811865475,0.2,fixed_calibration_threshold,0.23406717207169447,0.00473995854475653,0.22463863586893618,0.24313232070639182,9873.78,113.57919677209351,9661.475,10091.949999999999,2336.83,52.557242482589764,2225.85,2436.05,100
0.7,higher_risk_less_available,-1.0,weak,2.0,0.4472135954999579,0.05,cohort_specific_top_fraction,0.047595225154558544,0.0022587128142301563,0.04369537806661176,0.052439970526932826,1499.3,6.780095646058171,1486.475,1511.0,475.17,22.95936463063436,436.475,519.1999999999999,100
0.7,higher_risk_less_available,-1.0,weak,2.0,0.4472135954999579,0.05,fixed_absolute_budget,0.029225622411381314,0.002461342838952193,0.025469537500037127,0.034573187932618564,0.0,0.0,0.0,0.0,291.76,24.52132446535777,254.475,344.67499999999995,100
0.7,higher_risk_less_available,-1.0,weak,2.0,0.4472135954999579,0.05,fixed_calibration_threshold,0.059190693514419995,0.0022956305919474545,0.055259188137458844,0.06325485674915086,2405.06,64.91747986420292,2259.95,2525.6749999999997,590.93,23.49951858522582,545.95,638.15,100
0.7,higher_risk_less_available,-1.0,weak,2.0,0.4472135954999579,0.1,cohort_specific_top_fraction,0.08572748167565786,0.002898310821268748,0.08049437177168373,0.09266049712165057,2998.68,13.39069479417357,2973.475,3021.525,855.86,29.88057711773467,794.425,918.675,100
0.7,higher_risk_less_available,-1.0,weak,2.0,0.4472135954999579,0.1,fixed_absolute_budget,0.05337402508288592,0.0031104843098126605,0.04795740509987253,0.06027275743256726,0.0,0.0,0.0,0.0,532.84,31.105139398011012,481.9,597.625,100
0.7,higher_risk_less_available,-1.0,weak,2.0,0.4472135954999579,0.1,fixed_calibration_threshold,0.10314687912207826,0.0029226287564539447,0.09727308128892076,0.10902206274044453,4508.35,81.50941880258596,4352.85,4667.575,1029.77,30.675510911751243,973.475,1090.0,100
0.7,higher_risk_less_available,-1.0,weak,2.0,0.4472135954999579,0.2,cohort_specific_top_fraction,0.15110803992667787,0.004027150360081865,0.1431936217868432,0.15810811063663155,5997.43,26.7503440929441,5946.95,6043.0,1508.63,43.91604823898996,1426.975,1590.1499999999999,100
0.7,higher_risk_less_available,-1.0,weak,2.0,0.4472135954999579,0.2,fixed_absolute_budget,0.09519854493499931,0.00471311650776086,0.08708018470057044,0.10277577328201645,0.0,0.0,0.0,0.0,950.43,48.14734434708489,864.375,1026.05,100
0.7,higher_risk_less_available,-1.0,weak,2.0,0.4472135954999579,0.2,fixed_calibration_threshold,0.17453241370695827,0.004138316832378438,0.16699526400125705,0.1821213172107031,8351.29,116.61429950261181,8124.475,8571.025,1742.48,45.52510241059266,1657.9,1820.575,100
0.7,higher_risk_more_available,1.0,good,0.5,0.8944271909999159,0.05,cohort_specific_top_fraction,0.04136095269273971,0.0016717896871663305,0.038222608730296065,0.044391021110107544,1499.87,7.94126799533534,1486.95,1518.0,412.93,17.154234980837174,380.9,443.04999999999995,100
0.7,higher_risk_more_available,1.0,good,0.5,0.8944271909999159,0.05,fixed_absolute_budget,0.0006813610850490353,0.0009879361134248665,-0.001047089821779834,0.002552851718546036,0.0,0.0,0.0,0.0,6.79,9.858898457123837,-10.525,25.52499999999999,100
0.7,higher_risk_more_available,1.0,good,0.5,0.8944271909999159,0.05,fixed_calibration_threshold,0.00861873491399075,0.000878879797622139,0.006738173731550034,0.010794257900970338,304.95,19.222448471839513,270.475,343.19999999999993,86.04,8.766234578590097,67.475,108.52499999999999,100
0.7,higher_risk_more_available,1.0,good,0.5,0.8944271909999159,0.1,cohort_specific_top_fraction,0.06626689780176874,0.0022957633180389534,0.06194128427208519,0.07094109210994805,2999.62,15.786952802484677,2974.425,3036.0,661.53,22.372627124333082,622.0,704.675,100
0.7,higher_risk_more_available,1.0,good,0.5,0.8944271909999159,0.1,fixed_absolute_budget,0.001927696289399885,0.0016863898822792754,-0.0016853868094262147,0.004608480015834837,0.0,0.0,0.0,0.0,19.2,16.811491980971308,-17.05,46.0,100
0.7,higher_risk_more_available,1.0,good,0.5,0.8944271909999159,0.1,fixed_calibration_threshold,0.018085652629008138,0.00123013943917071,0.01551201242215707,0.020505919012704227,788.29,30.09355614101001,734.475,851.525,180.55,12.265064948128817,156.475,203.0,100
0.7,higher_risk_more_available,1.0,good,0.5,0.8944271909999159,0.2,cohort_specific_top_fraction,0.10059408443772778,0.002748949043788795,0.09475757485357053,0.10480385221314718,5999.27,31.625924348690443,5947.85,6071.525,1004.25,27.80428533209014,952.85,1055.525,100
0.7,higher_risk_more_available,1.0,good,0.5,0.8944271909999159,0.2,fixed_absolute_budget,0.006549659495557385,0.0023453656439553832,0.0021153973592642496,0.01093869753439224,0.0,0.0,0.0,0.0,65.36,23.360814985091523,20.95,109.19999999999993,100
0.7,higher_risk_more_available,1.0,good,0.5,0.8944271909999159,0.2,fixed_calibration_threshold,0.03775150526323436,0.0018400013592158307,0.034408795082607885,0.04111368729194463,2117.72,49.30344713090454,2005.225,2213.6749999999997,376.87,18.21513135008941,345.9,412.62499999999994,100
0.7,higher_risk_more_available,1.0,medium,1.0,0.7071067811865475,0.05,cohort_specific_top_fraction,0.0330958203933852,0.0017061744473675028,0.03011252918956627,0.035796349926664896,1499.87,7.94126799533534,1486.95,1518.0,330.39,16.877990569275884,300.475,358.0,100
0.7,higher_risk_more_available,1.0,medium,1.0,0.7071067811865475,0.05,fixed_absolute_budget,-0.0014616311509192581,0.0011464856849868021,-0.003932486555388784,0.0006072060155224018,0.0,0.0,0.0,0.0,-14.61,11.498699970435833,-39.15,6.099999999999966,100
0.7,higher_risk_more_available,1.0,medium,1.0,0.7071067811865475,0.05,fixed_calibration_threshold,0.009060759673975767,0.0010159431174363944,0.007185682012088268,0.011509388400339837,471.76,24.888892496392234,430.8,522.05,90.45,10.096879205822447,71.425,114.09999999999997,100
0.7,higher_risk_more_available,1.0,medium,1.0,0.7071067811865475,0.1,cohort_specific_top_fraction,0.055229188155677796,0.0021751176593184434,0.05102951819177381,0.059281512057625795,2999.62,15.786952802484677,2974.425,3036.0,551.33,20.958378667340572,508.85,589.05,100
0.7,higher_risk_more_available,1.0,medium,1.0,0.7071067811865475,0.1,fixed_absolute_budget,-0.002780576452209225,0.00170554898165895,-0.006264996049222732,0.0004076783996545809,0.0,0.0,0.0,0.0,-27.78,17.059361599480155,-62.525,4.049999999999983,100
0.7,higher_risk_more_available,1.0,medium,1.0,0.7071067811865475,0.1,fixed_calibration_threshold,0.01855823913047599,0.0012132446222787834,0.016335896561166355,0.02092386554533894,1142.07,31.245930644136394,1079.8,1196.1999999999998,185.26,11.97186938475594,164.475,209.52499999999998,100
0.7,higher_risk_more_available,1.0,medium,1.0,0.7071067811865475,0.2,cohort_specific_top_fraction,0.08788368319907404,0.002622693540454441,0.08265170231365117,0.09291502176333635,5999.27,31.625924348690443,5947.85,6071.525,877.37,26.69417331345717,815.425,928.0,100
0.7,higher_risk_more_available,1.0,medium,1.0,0.7071067811865475,0.2,fixed_absolute_budget,-0.0032397460528124982,0.002536042863924385,-0.00781861076801676,0.0011652969519058728,0.0,0.0,0.0,0.0,-32.36,25.365020055664107,-78.1,11.524999999999991,100
0.7,higher_risk_more_available,1.0,medium,1.0,0.7071067811865475,0.2,fixed_calibration_threshold,0.03772982352944754,0.0019083018446874405,0.033922197258003745,0.04158732361676174,2824.97,58.15521811445121,2722.0,2939.45,376.65,18.804885997360827,337.95,415.09999999999997,100
0.7,higher_risk_more_available,1.0,weak,2.0,0.4472135954999579,0.05,cohort_specific_top_fraction,0.022498195433498798,0.0013839192405615873,0.020221012966483033,0.025233803210575674,1499.87,7.94126799533534,1486.95,1518.0,224.59,13.619723517269675,203.0,252.52499999999998,100
0.7,higher_risk_more_available,1.0,weak,2.0,0.4472135954999579,0.05,fixed_absolute_budget,-0.0049462983245762565,0.0013333048424786522,-0.007472668404675802,-0.002765542111967584,0.0,0.0,0.0,0.0,-49.39,13.360498841470303,-74.575,-27.47500000000001,100
0.7,higher_risk_more_available,1.0,weak,2.0,0.4472135954999579,0.05,fixed_calibration_threshold,0.00921770498667652,0.0008682973751811424,0.007749669137606231,0.010902773699289362,784.49,31.123246370622468,716.425,835.0999999999999,92.01,8.533351088996678,77.0,108.0,100
0.7,higher_risk_more_available,1.0,weak,2.0,0.4472135954999579,0.1,cohort_specific_top_fraction,0.0395802712726957,0.001804539656010847,0.03594431576025223,0.042955839370264946,2999.62,15.786952802484677,2974.425,3036.0,395.13,17.95823156126685,358.475,430.525,100
0.7,higher_risk_more_available,1.0,weak,2.0,0.4472135954999579,0.1,fixed_absolute_budget,-0.009687910745679866,0.001880420679112507,-0.012900253426205485,-0.005483892094779423,0.0,0.0,0.0,0.0,-96.74,18.859726745880838,-129.0,-54.85000000000005,100
0.7,higher_risk_more_available,1.0,weak,2.0,0.4472135954999579,0.1,fixed_calibration_threshold,0.018510454171431438,0.0013885021781627868,0.015929014904309396,0.021080824247274185,1743.37,40.708536567837335,1667.125,1814.625,184.79,13.832544701872209,159.95,209.52499999999998,100
0.7,higher_risk_more_available,1.0,weak,2.0,0.4472135954999579,0.2,cohort_specific_top_fraction,0.06709140086496282,0.0017890816204663036,0.06388603659675934,0.0704361209525369,5999.27,31.625924348690443,5947.85,6071.525,669.8,18.59673046098114,634.475,705.625,100
0.7,higher_risk_more_available,1.0,weak,2.0,0.4472135954999579,0.2,fixed_absolute_budget,-0.017413078491670984,0.0031215108876791933,-0.023187725533269057,-0.012008934502457845,0.0,0.0,0.0,0.0,-173.81,31.014071423510753,-233.1,-119.95000000000002,100
0.7,higher_risk_more_available,1.0,weak,2.0,0.4472135954999579,0.2,fixed_calibration_threshold,0.03680349260410247,0.0018135364451994037,0.0333947779527345,0.03989273870816539,3908.1,72.95501588948044,3764.9,4034.35,367.42,18.25364499368703,333.9,397.525,100
0.7,risk_independent,0.0,good,0.5,0.8944271909999159,0.05,cohort_specific_top_fraction,0.05045043148800219,0.0018964791888684343,0.046802030456852786,0.0540837680693521,1499.25,6.830376300324924,1486.375,1511.0,503.66,19.175542082074607,461.475,540.5749999999999,100
0.7,risk_independent,0.0,good,0.5,0.8944271909999159,0.05,fixed_absolute_budget,0.013919762946434978,0.002418905739036405,0.009306823660209176,0.018239789571768156,0.0,0.0,0.0,0.0,138.97,24.219724410179623,92.9,183.14999999999995,100
0.7,risk_independent,0.0,good,0.5,0.8944271909999159,0.05,fixed_calibration_threshold,0.05053831812096352,0.001994854147570446,0.04661684937890711,0.05457603876217033,1501.87,40.890752455336845,1415.85,1577.625,504.56,20.687340588051924,460.375,546.625,100
0.7,risk_independent,0.0,good,0.5,0.8944271909999159,0.1,cohort_specific_top_fraction,0.08473450526650143,0.0024089054831043432,0.08037873387964495,0.08959092589660941,2998.5,13.642254619787417,2972.75,3022.0,845.93,24.59664713949953,803.95,893.0999999999999,100
0.7,risk_independent,0.0,good,0.5,0.8944271909999159,0.1,fixed_absolute_budget,0.02783899820118718,0.003287104125352728,0.022555916584481472,0.0350272621604707,0.0,0.0,0.0,0.0,277.88,32.439307743364175,225.0,348.04999999999995,100
0.7,risk_independent,0.0,good,0.5,0.8944271909999159,0.1,fixed_calibration_threshold,0.08491778642586459,0.002786008424589952,0.07962259550215975,0.08990789491747503,3007.49,63.07595149156021,2882.475,3126.3999999999996,847.8,29.46972423462165,791.375,900.0,100
0.7,risk_independent,0.0,good,0.5,0.8944271909999159,0.2,cohort_specific_top_fraction,0.13654634780340053,0.0030180883666951885,0.13181085367927847,0.1421527988227888,5997.03,27.210535318571598,5945.975,6044.525,1363.19,31.55168759193381,1305.425,1422.05,100
0.7,risk_independent,0.0,good,0.5,0.8944271909999159,0.2,fixed_absolute_budget,0.056197761017547594,0.004411025248341418,0.04828361017315649,0.06410270927800787,0.0,0.0,0.0,0.0,561.03,44.02856166653917,478.85,635.5749999999999,100
0.7,risk_independent,0.0,good,0.5,0.8944271909999159,0.2,fixed_calibration_threshold,0.13676101320198603,0.003163322546377516,0.13129587917138302,0.1421065075155688,6011.79,78.29551569392576,5851.225,6156.2,1365.36,34.01708424015821,1297.425,1425.05,100
0.7,risk_independent,0.0,medium,1.0,0.7071067811865475,0.05,cohort_specific_top_fraction,0.0406040636566828,0.0018503581503562384,0.0374942075381595,0.044030827064320724,1499.25,6.830376300324924,1486.375,1511.0,405.36,18.57636164918233,373.9,442.8249999999999,100
0.7,risk_independent,0.0,medium,1.0,0.7071067811865475,0.05,fixed_absolute_budget,0.009461834908427306,0.0024073598292653022,0.005470060049509552,0.014225256554317074,0.0,0.0,0.0,0.0,94.44,23.992978770945268,54.425,141.77499999999992,100
0.7,risk_independent,0.0,medium,1.0,0.7071067811865475,0.05,fixed_calibration_threshold,0.040653998933826825,0.0020661774519356896,0.03738332042980393,0.04504980753448066,1502.72,48.32822961559607,1398.275,1598.7749999999999,405.88,21.124584748772715,371.95,449.7249999999999,100
0.7,risk_independent,0.0,medium,1.0,0.7071067811865475,0.1,cohort_specific_top_fraction,0.07043191073828231,0.0023812343123514397,0.06600883538448916,0.07535307470393224,2998.5,13.642254619787417,2972.75,3022.0,703.13,23.819461951873883,659.375,750.3499999999999,100
0.7,risk_independent,0.0,medium,1.0,0.7071067811865475,0.1,fixed_absolute_budget,0.019211167146023698,0.003059993918136244,0.012527699467263394,0.024936458250771256,0.0,0.0,0.0,0.0,191.77,30.45608031711941,125.475,246.67499999999995,100
0.7,risk_independent,0.0,medium,1.0,0.7071067811865475,0.1,fixed_calibration_threshold,0.07051530250153124,0.0024180341291760083,0.06591757019951845,0.07570199675291338,3003.9,54.60130978559974,2873.275,3103.725,703.98,24.671981409417985,651.95,756.625,100
0.7,risk_independent,0.0,medium,1.0,0.7071067811865475,0.2,cohort_specific_top_fraction,0.11834201170954063,0.002793808416639064,0.11328010576267236,0.12399827861207932,5997.03,27.210535318571598,5945.975,6044.525,1181.46,29.49282398595744,1121.475,1237.525,100
0.7,risk_independent,0.0,medium,1.0,0.7071067811865475,0.2,fixed_absolute_budget,0.04032759209770341,0.004089143887189243,0.0330405478183861,0.04797392237060248,0.0,0.0,0.0,0.0,402.63,41.17164244251305,328.9,482.525,100
0.7,risk_independent,0.0,medium,1.0,0.7071067811865475,0.2,fixed_calibration_threshold,0.1185065263307247,0.0030442732591990217,0.11254115801644893,0.12421607235134631,6011.06,81.50761506222172,5845.7,6172.15,1183.12,32.47385272971335,1114.8,1242.975,100
0.7,risk_independent,0.0,weak,2.0,0.4472135954999579,0.05,cohort_specific_top_fraction,0.029145716274083355,0.001385113633522241,0.026566933868066737,0.03219253811450683,1499.25,6.830376300324924,1486.375,1511.0,290.96,13.707566295202579,265.375,320.09999999999997,100
0.7,risk_independent,0.0,weak,2.0,0.4472135954999579,0.05,fixed_absolute_budget,0.004489256446670317,0.0017650087964320956,0.000795986720137281,0.007992569424434846,0.0,0.0,0.0,0.0,44.8,17.586151576531098,7.8500000000000005,79.57499999999997,100
0.7,risk_independent,0.0,weak,2.0,0.4472135954999579,0.05,fixed_calibration_threshold,0.02929042603239573,0.001465710267818698,0.02684338973043449,0.03197620722829286,1506.26,44.93151241701984,1428.9,1584.05,292.41,14.623279489577671,267.425,318.525,100
0.7,risk_independent,0.0,weak,2.0,0.4472135954999579,0.1,cohort_specific_top_fraction,0.0530676803561744,0.0019843544202671247,0.04931061217560173,0.05704981157774942,2998.5,13.642254619787417,2972.75,3022.0,529.79,20.05159758364818,491.475,566.0999999999999,100
0.7,risk_independent,0.0,weak,2.0,0.4472135954999579,0.1,fixed_absolute_budget,0.009664962753925668,0.002723678125029841,0.0048879636933980095,0.014902758447233693,0.0,0.0,0.0,0.0,96.48,27.17265410873828,49.0,148.04999999999998,100
0.7,risk_independent,0.0,weak,2.0,0.4472135954999579,0.1,fixed_calibration_threshold,0.053201922483810275,0.0020898502101963728,0.0486722101255165,0.057426945812070536,3005.97,55.73031291656074,2886.025,3103.25,531.14,21.325292045083014,488.375,573.0999999999999,100
0.7,risk_independent,0.0,weak,2.0,0.4472135954999579,0.2,cohort_specific_top_fraction,0.09458925822924716,0.00260550554407779,0.09053961620880346,0.09966565003782527,5997.03,27.210535318571598,5945.975,6044.525,944.35,27.978481991442184,895.0,1001.3,100
0.7,risk_independent,0.0,weak,2.0,0.4472135954999579,0.2,fixed_absolute_budget,0.021344027576324275,0.0036679863680944445,0.014814804540576534,0.028836669295230866,0.0,0.0,0.0,0.0,213.13,36.89013308720801,145.375,289.67499999999995,100
0.7,risk_independent,0.0,weak,2.0,0.4472135954999579,0.2,fixed_calibration_threshold,0.09468798058471066,0.0027304879602542565,0.09018424065574436,0.1000826526005378,6002.0,86.39970538670309,5833.0,6153.825,945.35,29.585477941897526,888.95,1003.4499999999998,100
0.9,higher_risk_less_available,-1.0,good,0.5,0.8944271909999159,0.05,cohort_specific_top_fraction,0.03571103032926772,0.002526511735652615,0.030234466023324108,0.04023938454615291,499.79,4.691051011869259,492.0,508.525,356.53,25.564122191742538,299.0,404.575,100
0.9,higher_risk_less_available,-1.0,good,0.5,0.8944271909999159,0.05,fixed_absolute_budget,0.024344722891103853,0.002633530173084099,0.018946040145355638,0.029107345004343265,0.0,0.0,0.0,0.0,243.06,26.529503302070044,188.475,288.0,100
0.9,higher_risk_less_available,-1.0,good,0.5,0.8944271909999159,0.05,fixed_calibration_threshold,0.06408400348411802,0.002385878866729764,0.0597099746568672,0.06904179372988715,1690.37,42.61944711897695,1600.75,1766.05,639.82,25.44329405012669,587.325,691.3,100
0.9,higher_risk_less_available,-1.0,good,0.5,0.8944271909999159,0.1,cohort_specific_top_fraction,0.05826702755588047,0.003001651932221297,0.05147856571834384,0.0635782713851576,999.56,9.44342002762674,983.0,1016.05,581.68,29.847044419943167,519.325,636.05,100
0.9,higher_risk_less_available,-1.0,good,0.5,0.8944271909999159,0.1,fixed_absolute_budget,0.040210016889238656,0.003246030361941025,0.03399565062932652,0.0460469934593369,0.0,0.0,0.0,0.0,401.4,32.13073043651262,339.65,455.575,100
0.9,higher_risk_less_available,-1.0,good,0.5,0.8944271909999159,0.1,fixed_calibration_threshold,0.09321673314079439,0.002761565363627039,0.08778679317793159,0.09838218767778344,2835.73,53.63077192218751,2736.95,2928.05,930.67,30.061235483390874,870.475,987.675,100
0.9,higher_risk_less_available,-1.0,good,0.5,0.8944271909999159,0.2,cohort_specific_top_fraction,0.0913784084414173,0.0036767615492429794,0.08419605057401122,0.09746821745957952,1999.11,18.76214488826053,1966.475,2032.1,912.29,37.88453883615693,833.225,979.5749999999999,100
0.9,higher_risk_less_available,-1.0,good,0.5,0.8944271909999159,0.2,fixed_absolute_budget,0.06523368805567047,0.003971536179077049,0.05717016936559399,0.07224313450985062,0.0,0.0,0.0,0.0,651.26,40.02111059090306,569.325,721.5749999999999,100
0.9,higher_risk_less_available,-1.0,good,0.5,0.8944271909999159,0.2,fixed_calibration_threshold,0.12727979676563048,0.003102599675703433,0.1214623837709324,0.1334858108214476,4573.56,67.668431086117,4440.6,4689.625,1270.73,34.1523192344372,1199.475,1333.05,100
0.9,higher_risk_less_available,-1.0,medium,1.0,0.7071067811865475,0.05,cohort_specific_top_fraction,0.02961034944785186,0.002250550887140391,0.024869226481568057,0.03408280393386167,499.79,4.691051011869259,492.0,508.525,295.6,22.442294126415987,248.95,340.09999999999997,100
0.9,higher_risk_less_available,-1.0,medium,1.0,0.7071067811865475,0.05,fixed_absolute_budget,0.0202339571559498,0.002482588036519231,0.015567170379599642,0.024857986691792133,0.0,0.0,0.0,0.0,201.99,24.73597756019733,155.95,249.575,100
0.9,higher_risk_less_available,-1.0,medium,1.0,0.7071067811865475,0.05,fixed_calibration_threshold,0.04637469610792591,0.002224925968915876,0.04262883954456093,0.051473523029313836,1358.06,40.43521317671597,1282.425,1428.525,463.01,23.134431464635547,420.75,512.525,100
0.9,higher_risk_less_available,-1.0,medium,1.0,0.7071067811865475,0.1,cohort_specific_top_fraction,0.04964560900404973,0.002679087619897568,0.044385421932233285,0.054173740575943624,999.56,9.44342002762674,983.0,1016.05,495.64,27.170066714171412,438.5,542.7249999999999,100
0.9,higher_risk_less_available,-1.0,medium,1.0,0.7071067811865475,0.1,fixed_absolute_budget,0.03388329807171618,0.0029844050495325593,0.027616204239880298,0.03946289849942894,0.0,0.0,0.0,0.0,338.27,29.886605560337426,272.8,392.09999999999997,100
0.9,higher_risk_less_available,-1.0,medium,1.0,0.7071067811865475,0.1,fixed_calibration_threshold,0.07201734188538814,0.002532331935929954,0.06701381242300163,0.07772113563214543,2352.5,46.29952985340634,2260.0,2430.0,719.0,26.491469944077846,668.95,780.2499999999999,100
0.9,higher_risk_less_available,-1.0,medium,1.0,0.7071067811865475,0.2,cohort_specific_top_fraction,0.08068069366028642,0.0030762535670767937,0.07441305475675812,0.08554944313331532,1999.11,18.76214488826053,1966.475,2032.1,805.49,31.907535286837934,744.475,857.5749999999999,100
0.9,higher_risk_less_available,-1.0,medium,1.0,0.7071067811865475,0.2,fixed_absolute_budget,0.05570526328487405,0.0033910115964026727,0.0490278216859426,0.0612874474327847,0.0,0.0,0.0,0.0,556.14,34.356720484124246,493.475,613.525,100
0.9,higher_risk_less_available,-1.0,medium,1.0,0.7071067811865475,0.2,fixed_calibration_threshold,0.10590143239205718,0.0030147722969651744,0.09998031013057995,0.11157883913813157,3947.32,60.00940667002874,3837.425,4047.1,1057.29,32.240665394040875,988.95,1117.35,100
0.9,higher_risk_less_available,-1.0,weak,2.0,0.4472135954999579,0.05,cohort_specific_top_fraction,0.020703725386917168,0.0014874767147724617,0.018313900560044814,0.023999206579277135,499.79,4.691051011869259,492.0,508.525,206.7,14.981807149157458,180.475,239.2999999999999,100
0.9,higher_risk_less_available,-1.0,weak,2.0,0.4472135954999579,0.05,fixed_absolute_budget,0.013301076836999555,0.001638760149334589,0.010834376253031528,0.017297455828301108,0.0,0.0,0.0,0.0,132.79,16.348660093985895,108.475,172.52499999999998,100
0.9,higher_risk_less_available,-1.0,weak,2.0,0.4472135954999579,0.05,fixed_calibration_threshold,0.02794846819249616,0.0015288639815978326,0.025632661860403243,0.031141930048326376,980.72,29.898846300501464,932.0,1037.525,279.03,15.547551692673789,253.475,312.62499999999994,100
0.9,higher_risk_less_available,-1.0,weak,2.0,0.4472135954999579,0.1,cohort_specific_top_fraction,0.036831465843670086,0.0022412776157730535,0.03251259191856805,0.04133048060682872,999.56,9.44342002762674,983.0,1016.05,367.72,22.790694539126218,322.95,412.575,100
0.9,higher_risk_less_available,-1.0,weak,2.0,0.4472135954999579,0.1,fixed_absolute_budget,0.02341652975454313,0.002478337294124253,0.018727333390261107,0.028097500900024656,0.0,0.0,0.0,0.0,233.77,24.69157423867175,188.0,279.525,100
0.9,higher_risk_less_available,-1.0,weak,2.0,0.4472135954999579,0.1,fixed_calibration_threshold,0.04716302725605244,0.0021392456882339947,0.04330534807633364,0.051379523870574574,1772.55,41.09053197735238,1688.325,1849.575,470.87,22.111131160845687,430.0,510.525,100
0.9,higher_risk_less_available,-1.0,weak,2.0,0.4472135954999579,0.2,cohort_specific_top_fraction,0.06366240651307971,0.0025502101817480535,0.05932234355008062,0.06848456230880141,1999.11,18.76214488826053,1966.475,2032.1,635.6,26.711326239910843,592.0,689.625,100
0.9,higher_risk_less_available,-1.0,weak,2.0,0.4472135954999579,0.2,fixed_absolute_budget,0.04084424540017386,0.003115077809299931,0.034307371857772384,0.04617727838640753,0.0,0.0,0.0,0.0,407.81,31.815660650476246,339.425,462.04999999999995,100
0.9,higher_risk_less_available,-1.0,weak,2.0,0.4472135954999579,0.2,fixed_calibration_threshold,0.0770567075233666,0.0024780909334429758,0.07270295163660911,0.08288675007082859,3155.77,52.083432484754105,3063.325,3261.05,769.32,26.367978743739595,718.475,837.525,100
0.9,higher_risk_more_available,1.0,good,0.5,0.8944271909999159,0.05,cohort_specific_top_fraction,0.013312990266645197,0.0009798728410189334,0.011561336004188828,0.015257897914812068,500.22,4.757938608050739,492.0,508.525,132.92,9.983501541558605,115.0,153.0,100
0.9,higher_risk_more_available,1.0,good,0.5,0.8944271909999159,0.05,fixed_absolute_budget,0.00018942767898407986,0.0005662934871304937,-0.0008592086048666451,0.001165687102251756,0.0,0.0,0.0,0.0,1.89,5.649519511168247,-8.525,11.524999999999991,100
0.9,higher_risk_more_available,1.0,good,0.5,0.8944271909999159,0.05,fixed_calibration_threshold,0.0019773797401808364,0.0004485309977215266,0.0010988640790251434,0.0028270393152154665,69.76,6.572240366446089,58.0,82.52499999999999,19.74,4.471277583904094,10.95,28.0,100
0.9,higher_risk_more_available,1.0,good,0.5,0.8944271909999159,0.1,cohort_specific_top_fraction,0.021128462254923625,0.0013887097689028168,0.018423928591256578,0.023964710979636324,1000.36,9.411490934818012,985.0,1017.05,210.92,13.747859337498197,184.9,238.52499999999998,100
0.9,higher_risk_more_available,1.0,good,0.5,0.8944271909999159,0.1,fixed_absolute_budget,0.0004061323907439618,0.0008743960595698855,-0.0011061774046848452,0.0020772984566231898,0.0,0.0,0.0,0.0,4.05,8.745994754310356,-11.1,21.049999999999983,100
0.9,higher_risk_more_available,1.0,good,0.5,0.8944271909999159,0.1,fixed_calibration_threshold,0.004156781229643613,0.0006130861581807373,0.003077853192263613,0.005363193350556152,183.43,13.516361204185845,158.425,210.52499999999998,41.5,6.138963160572694,30.475,54.0,100
0.9,higher_risk_more_available,1.0,good,0.5,0.8944271909999159,0.2,cohort_specific_top_fraction,0.031572468934129565,0.001658877077510655,0.02842006833725483,0.03473257650269123,2000.8,18.774041825473983,1969.475,2034.625,315.2,16.702385966373097,282.325,344.0,100
0.9,higher_risk_more_available,1.0,good,0.5,0.8944271909999159,0.2,fixed_absolute_budget,0.001415969343713278,0.001097358145510809,-0.0007028297070780176,0.0035691107136325752,0.0,0.0,0.0,0.0,14.14,10.971975320070785,-7.05,35.574999999999974,100
0.9,higher_risk_more_available,1.0,good,0.5,0.8944271909999159,0.2,fixed_calibration_threshold,0.008861498349482714,0.0009317252047016988,0.007150461543302534,0.010792550283890796,509.75,23.959719986222332,467.425,562.3499999999999,88.47,9.334907875844573,70.9,108.04999999999998,100
0.9,higher_risk_more_available,1.0,medium,1.0,0.7071067811865475,0.05,cohort_specific_top_fraction,0.010809512876236469,0.0008709520030246308,0.009219664781498074,0.01241082552399712,500.22,4.757938608050739,492.0,508.525,107.91,8.678424425265828,91.95,123.52499999999999,100
0.9,higher_risk_more_available,1.0,medium,1.0,0.7071067811865475,0.05,fixed_absolute_budget,-0.0004169503070291167,0.0005873728585059616,-0.0014645359440676972,0.0006560185943948596,0.0,0.0,0.0,0.0,-4.17,5.872474742045264,-14.525,6.5249999999999915,100
0.9,higher_risk_more_available,1.0,medium,1.0,0.7071067811865475,0.05,fixed_calibration_threshold,0.00212225638041348,0.0004900903594536464,0.0012009193730855912,0.0031017462328157236,114.6,10.687479694587598,95.475,136.04999999999998,21.19,4.908650373050467,12.0,31.0,100
0.9,higher_risk_more_available,1.0,medium,1.0,0.7071067811865475,0.1,cohort_specific_top_fraction,0.017801893478653824,0.001179018053814284,0.01568817310579205,0.020100693490147658,1000.36,9.411490934818012,985.0,1017.05,177.7,11.497474470157314,156.0,200.14999999999995,100
0.9,higher_risk_more_available,1.0,medium,1.0,0.7071067811865475,0.1,fixed_absolute_budget,-0.0007533134818053827,0.0009250690625571246,-0.002363462508770546,0.001003166700724243,0.0,0.0,0.0,0.0,-7.53,9.238101820857208,-24.05,10.0,100
0.9,higher_risk_more_available,1.0,medium,1.0,0.7071067811865475,0.1,fixed_calibration_threshold,0.004409298540788883,0.0006517128521029912,0.003107644584303159,0.0054736278728895115,284.23,16.457386048688157,256.475,316.67499999999995,44.02,6.5226567060554785,30.95,54.0,100
0.9,higher_risk_more_available,1.0,medium,1.0,0.7071067811865475,0.2,cohort_specific_top_fraction,0.02797267314827788,0.001561635295782683,0.02467698519110503,0.031205902125745377,2000.8,18.774041825473983,1969.475,2034.625,279.25,15.472605312342042,244.85,311.09999999999997,100
0.9,higher_risk_more_available,1.0,medium,1.0,0.7071067811865475,0.2,fixed_absolute_budget,-0.0012684600234467048,0.0011760569170102917,-0.003232756397323004,0.0010082452321086052,0.0,0.0,0.0,0.0,-12.67,11.744807578266451,-32.575,10.0,100
0.9,higher_risk_more_available,1.0,medium,1.0,0.7071067811865475,0.2,fixed_calibration_threshold,0.009102172556005312,0.0009382596706140521,0.007482345410869363,0.01120171112170067,726.14,27.834656110828472,672.9,785.525,90.87,9.390146350555378,74.475,111.52499999999999,100
0.9,higher_risk_more_available,1.0,weak,2.0,0.4472135954999579,0.05,cohort_specific_top_fraction,0.007308140905209957,0.0007524209069430587,0.005853335173838485,0.008726261260244148,500.22,4.757938608050739,492.0,508.525,72.95,7.429636259568496,58.0,87.0,100
0.9,higher_risk_more_available,1.0,weak,2.0,0.4472135954999579,0.05,fixed_absolute_budget,-0.0014525198917617749,0.0007599464525806743,-0.0028231711264442945,-9.969366507730296e-05,0.0,0.0,0.0,0.0,-14.5,7.600505033724849,-28.0,-1.0,100
0.9,higher_risk_more_available,1.0,weak,2.0,0.4472135954999579,0.05,fixed_calibration_threshold,0.0022573797990859935,0.0005025605938780755,0.0013522180570246084,0.003223728076092482,212.08,15.127525250417538,181.85,242.09999999999997,22.54,5.040081769418453,13.475,32.52499999999999,100
0.9,higher_risk_more_available,1.0,weak,2.0,0.4472135954999579,0.1,cohort_specific_top_fraction,0.012702859639841697,0.001140172196799925,0.010605996872694784,0.01472829428693262,1000.36,9.411490934818012,985.0,1017.05,126.83,11.574139582306199,105.475,146.52499999999998,100
0.9,higher_risk_more_available,1.0,weak,2.0,0.4472135954999579,0.1,fixed_absolute_budget,-0.002679843053465015,0.0009444628777908,-0.0043332338902147965,-0.000999547314842539,0.0,0.0,0.0,0.0,-26.76,9.46564228345778,-43.575,-10.0,100
0.9,higher_risk_more_available,1.0,weak,2.0,0.4472135954999579,0.1,fixed_calibration_threshold,0.004571672736796722,0.0006927819598042405,0.003208081698049739,0.006018417858409956,482.21,21.277054079524973,439.95,519.525,45.65,6.999819622495621,32.0,60.52499999999999,100
0.9,higher_risk_more_available,1.0,weak,2.0,0.4472135954999579,0.2,cohort_specific_top_fraction,0.021012554537956765,0.001134298244231884,0.01908778679768422,0.023343334027188682,2000.8,18.774041825473983,1969.475,2034.625,209.78,11.494030070985863,188.475,233.0,100
0.9,higher_risk_more_available,1.0,weak,2.0,0.4472135954999579,0.2,fixed_absolute_budget,-0.005225533164912215,0.001400846631707115,-0.007846422999739335,-0.0029212292871948022,0.0,0.0,0.0,0.0,-52.17,14.00508926256899,-78.575,-28.47500000000001,100
0.9,higher_risk_more_available,1.0,weak,2.0,0.4472135954999579,0.2,fixed_calibration_threshold,0.009266746589815593,0.0008739906372262507,0.00771333147844399,0.011107584049664412,1112.49,33.02906433596161,1050.325,1182.1999999999998,92.52,8.832309832070939,76.95,110.04999999999998,100
0.9,risk_independent,0.0,good,0.5,0.8944271909999159,0.05,cohort_specific_top_fraction,0.016769821956255603,0.0011454758217566137,0.014942515889641758,0.018884765659179594,499.57,4.445528908097131,491.475,508.525,167.41,11.333418003248783,149.475,187.04999999999998,100
0.9,risk_independent,0.0,good,0.5,0.8944271909999159,0.05,fixed_absolute_budget,0.0040987776127738886,0.0014515803564106769,0.0013985521004036966,0.0073881704256951,0.0,0.0,0.0,0.0,40.9,14.428157095475402,14.0,72.57499999999997,100
0.9,risk_independent,0.0,good,0.5,0.8944271909999159,0.05,fixed_calibration_threshold,0.01680529261058245,0.0013296080403067947,0.01460004164739311,0.019161688333647325,499.5,25.363419136682463,444.95,546.625,167.77,13.258010728795194,146.0,190.52499999999998,100
0.9,risk_independent,0.0,good,0.5,0.8944271909999159,0.1,cohort_specific_top_fraction,0.028167071761836606,0.0014869139668072398,0.02571468738612275,0.030834458267847843,999.31,8.808507136842087,982.95,1016.525,281.19,14.742705780736916,259.0,307.0,100
0.9,risk_independent,0.0,good,0.5,0.8944271909999159,0.1,fixed_absolute_budget,0.008078517329923977,0.0019501671086057455,0.0033830778575073524,0.011776712655149358,0.0,0.0,0.0,0.0,80.61,19.322303541281357,33.475,116.52499999999999,100
0.9,risk_independent,0.0,good,0.5,0.8944271909999159,0.1,fixed_calibration_threshold,0.028125011735237276,0.0015960314826906935,0.02505560572762351,0.030739433224617932,997.56,30.673029642908563,936.425,1054.625,280.78,16.0092018993623,251.0,308.67499999999995,100
0.9,risk_independent,0.0,good,0.5,0.8944271909999159,0.2,cohort_specific_top_fraction,0.04530796614205977,0.0016839630800033008,0.04201849491046737,0.04869972261376966,1998.61,17.536625454266634,1966.425,2032.575,452.3,16.414147630146452,421.475,482.575,100
0.9,risk_independent,0.0,good,0.5,0.8944271909999159,0.2,fixed_absolute_budget,0.01641304833467706,0.002289439678095907,0.011871656026640198,0.02078491757703152,0.0,0.0,0.0,0.0,163.83,22.672483656439475,120.0,205.62499999999994,100
0.9,risk_independent,0.0,good,0.5,0.8944271909999159,0.2,fixed_calibration_threshold,0.045293225360512196,0.0018440281580210324,0.04142108853887784,0.04908459956283539,1998.89,47.814222768857164,1899.9,2077.725,452.16,18.21904875051761,417.0,487.0,100
0.9,risk_independent,0.0,medium,1.0,0.7071067811865475,0.05,cohort_specific_top_fraction,0.013521235894729549,0.001045840443796382,0.011643669990793092,0.015358961583303446,499.57,4.445528908097131,491.475,508.525,134.97,10.247892121275132,115.95,154.0,100
0.9,risk_independent,0.0,medium,1.0,0.7071067811865475,0.05,fixed_absolute_budget,0.0027876738069832706,0.0012709369134390133,0.0001837135294046673,0.004903632275462894,0.0,0.0,0.0,0.0,27.81,12.652060957197703,1.8500000000000005,48.52499999999999,100
0.9,risk_independent,0.0,medium,1.0,0.7071067811865475,0.05,fixed_calibration_threshold,0.013493979137492047,0.0012139601624409782,0.011253444161163048,0.015718611292021064,498.76,26.096990809151336,447.325,545.0,134.71,12.079112115339829,111.475,156.575,100
0.9,risk_independent,0.0,medium,1.0,0.7071067811865475,0.1,cohort_specific_top_fraction,0.023331952385958855,0.0013674785670108013,0.020763007116067152,0.02570769003578915,999.31,8.808507136842087,982.95,1016.525,232.91,13.37651718950834,206.95,255.67499999999995,100
0.9,risk_independent,0.0,medium,1.0,0.7071067811865475,0.1,fixed_absolute_budget,0.005415865734324665,0.0018390997554333611,0.0018237185137305622,0.008947324186519804,0.0,0.0,0.0,0.0,54.04,18.267330224621045,18.425,89.24999999999991,100
0.9,risk_independent,0.0,medium,1.0,0.7071067811865475,0.1,fixed_calibration_threshold,0.023314784952510114,0.001457241520955436,0.020746835217466744,0.025958137419004587,998.98,31.004066204485525,944.95,1058.675,232.75,14.481876517728892,207.0,260.04999999999995,100
0.9,risk_independent,0.0,medium,1.0,0.7071067811865475,0.2,cohort_specific_top_fraction,0.03915028241699587,0.001746012810696881,0.03588044841265055,0.04165649215048876,1998.61,17.536625454266634,1966.425,2032.575,390.82,16.933249820839162,358.0,415.525,100
0.9,risk_independent,0.0,medium,1.0,0.7071067811865475,0.2,fixed_absolute_budget,0.011741275763327499,0.002194744046473646,0.007737108905443294,0.016222447107377472,0.0,0.0,0.0,0.0,117.2,21.813257019945045,77.85,160.575,100
0.9,risk_independent,0.0,medium,1.0,0.7071067811865475,0.2,fixed_calibration_threshold,0.0391518219843439,0.0019363173485715697,0.03519653184886099,0.04229801036225422,1998.9,48.31891111891049,1909.375,2083.6749999999997,390.84,18.975646273978434,353.475,421.525,100
0.9,risk_independent,0.0,weak,2.0,0.4472135954999579,0.05,cohort_specific_top_fraction,0.009629697994322936,0.0009146489182835279,0.007930613296991325,0.011358085121491245,499.57,4.445528908097131,491.475,508.525,96.12,8.980652605023826,79.0,113.09999999999997,100
0.9,risk_independent,0.0,weak,2.0,0.4472135954999579,0.05,fixed_absolute_budget,0.0013014384904209478,0.0012172568109476204,-0.0008156609220438943,0.003692142846348228,0.0,0.0,0.0,0.0,12.98,12.144733239332409,-8.1,37.04999999999998,100
0.9,risk_independent,0.0,weak,2.0,0.4472135954999579,0.05,fixed_calibration_threshold,0.009683813307378943,0.0009752079039603844,0.007987023061916421,0.011876552512792158,501.2,24.318177098083183,451.9,540.0,96.67,9.690206448270388,79.95,118.52499999999999,100
0.9,risk_independent,0.0,weak,2.0,0.4472135954999579,0.1,cohort_specific_top_fraction,0.017503879163348116,0.0012618843813497445,0.015041132150513944,0.01981080972819036,999.31,8.808507136842087,982.95,1016.525,174.73,12.396525254434744,149.475,196.04999999999998,100
0.9,risk_independent,0.0,weak,2.0,0.4472135954999579,0.1,fixed_absolute_budget,0.002814730528220429,0.0016236073882059472,-5.146049794157794e-05,0.0058129724250871794,0.0,0.0,0.0,0.0,28.08,16.157482552187464,-0.5249999999999999,58.0,100
0.9,risk_independent,0.0,weak,2.0,0.4472135954999579,0.1,fixed_calibration_threshold,0.017529763672648066,0.0013528602866736295,0.01501844243206228,0.019981019880764186,1000.06,30.68504719260052,938.275,1050.1999999999998,175.0,13.467506724473441,148.475,199.04999999999998,100
0.9,risk_independent,0.0,weak,2.0,0.4472135954999579,0.2,cohort_specific_top_fraction,0.03124498102125309,0.0015718150650188857,0.02805689763554205,0.033967122137843496,1998.61,17.536625454266634,1966.425,2032.575,311.91,15.42534645093306,280.475,337.62499999999994,100
0.9,risk_independent,0.0,weak,2.0,0.4472135954999579,0.2,fixed_absolute_budget,0.006090340106388322,0.001997562592166433,0.0018544990482870921,0.00965574915608323,0.0,0.0,0.0,0.0,60.79,19.87551917878531,18.375,95.52499999999999,100
0.9,risk_independent,0.0,weak,2.0,0.4472135954999579,0.2,fixed_calibration_threshold,0.03125262016503428,0.0016377847588971307,0.027780564695732424,0.03395202706960825,1997.89,43.186205944009295,1918.0,2078.525,311.99,16.17673538377777,276.95,337.0,100
