replicate,availability_target_fraction,availability_relation,availability_slope,availability_intercept,realized_available_n,realized_available_fraction,full_population_event_n,available_event_n,event_availability_ceiling
1,0.5,higher_risk_less_available,-1.0,0.0,50137,0.50137,9883,3277,0.3315794799150056
1,0.5,risk_independent,0.0,0.0,50069,0.50069,9883,4972,0.5030861074572498
1,0.5,higher_risk_more_available,1.0,0.0,49919,0.49919,9883,6573,0.6650814530001011
1,0.7,higher_risk_less_available,-1.0,1.0184006519909872,70255,0.70255,9883,5387,0.5450774056460589
1,0.7,risk_independent,0.0,0.8472978603867887,69979,0.69979,9883,6881,0.6962460791257715
1,0.7,higher_risk_more_available,1.0,1.0184006519909872,69884,0.69884,9883,8149,0.8245472022665182
1,0.9,higher_risk_less_available,-1.0,2.5642215001107616,90121,0.90121,9883,8054,0.814934736416068
1,0.9,risk_independent,0.0,2.197224577337238,90030,0.9003,9883,8845,0.8949711626024487
1,0.9,higher_risk_more_available,1.0,2.5642215001107616,89930,0.8993,9883,9420,0.9531518769604371
2,0.5,higher_risk_less_available,-1.0,0.0,49813,0.49813,9866,3268,0.3312385972025137
2,0.5,risk_independent,0.0,0.0,49847,0.49847,9866,4923,0.4989864180012163
2,0.5,higher_risk_more_available,1.0,0.0,49969,0.49969,9866,6479,0.6566997770119603
2,0.7,higher_risk_less_available,-1.0,1.0184006519909872,69787,0.69787,9866,5353,0.5425704439489155
2,0.7,risk_independent,0.0,0.8472978603867887,69780,0.6978,9866,6876,0.6969389823636732
2,0.7,higher_risk_more_available,1.0,1.0184006519909872,69789,0.69789,9866,8186,0.8297182242043382
2,0.9,higher_risk_less_available,-1.0,2.5642215001107616,89859,0.89859,9866,8050,0.8159335090208798
2,0.9,risk_independent,0.0,2.197224577337238,89901,0.89901,9866,8857,0.8977295763227245
2,0.9,higher_risk_more_available,1.0,2.5642215001107616,89903,0.89903,9866,9414,0.9541860936549766
3,0.5,higher_risk_less_available,-1.0,0.0,50425,0.50425,9822,3406,0.34677255141519037
3,0.5,risk_independent,0.0,0.0,50229,0.50229,9822,4945,0.5034616167786602
3,0.5,higher_risk_more_available,1.0,0.0,50117,0.50117,9822,6612,0.6731826511912035
3,0.7,higher_risk_less_available,-1.0,1.0184006519909872,70115,0.70115,9822,5398,0.5495825697413969
3,0.7,risk_independent,0.0,0.8472978603867887,70214,0.70214,9822,6942,0.7067806963958461
3,0.7,higher_risk_more_available,1.0,1.0184006519909872,70071,0.70071,9822,8196,0.8344532681734881
3,0.9,higher_risk_less_available,-1.0,2.5642215001107616,90088,0.90088,9822,8025,0.8170433720219914
3,0.9,risk_independent,0.0,2.197224577337238,90137,0.90137,9822,8863,0.9023620443901446
3,0.9,higher_risk_more_available,1.0,2.5642215001107616,90066,0.90066,9822,9347,0.9516391773569538
4,0.5,higher_risk_less_available,-1.0,0.0,50231,0.50231,10149,3342,0.32929352645580845
4,0.5,risk_independent,0.0,0.0,50245,0.50245,10149,5088,0.5013301803133313
4,0.5,higher_risk_more_available,1.0,0.0,50211,0.50211,10149,6836,0.6735638979209775
4,0.7,higher_risk_less_available,-1.0,1.0184006519909872,70114,0.70114,10149,5502,0.5421223765888264
4,0.7,risk_independent,0.0,0.8472978603867887,70337,0.70337,10149,7152,0.7046999704404375
4,0.7,higher_risk_more_available,1.0,1.0184006519909872,70370,0.7037,10149,8444,0.8320031530200019
4,0.9,higher_risk_less_available,-1.0,2.5642215001107616,90044,0.90044,10149,8304,0.8182086905113805
4,0.9,risk_independent,0.0,2.197224577337238,90161,0.90161,10149,9176,0.9041284855650803
4,0.9,higher_risk_more_available,1.0,2.5642215001107616,90152,0.90152,10149,9657,0.9515223174697014
5,0.5,higher_risk_less_available,-1.0,0.0,50015,0.50015,9850,3331,0.3381725888324873
5,0.5,risk_independent,0.0,0.0,49849,0.49849,9850,4947,0.5022335025380711
5,0.5,higher_risk_more_available,1.0,0.0,49933,0.49933,9850,6561,0.6660913705583756
5,0.7,higher_risk_less_available,-1.0,1.0184006519909872,69872,0.69872,9850,5372,0.5453807106598985
5,0.7,risk_independent,0.0,0.8472978603867887,70017,0.70017,9850,6959,0.706497461928934
5,0.7,higher_risk_more_available,1.0,1.0184006519909872,69978,0.69978,9850,8187,0.8311675126903554
5,0.9,higher_risk_less_available,-1.0,2.5642215001107616,90104,0.90104,9850,8095,0.8218274111675127
5,0.9,risk_independent,0.0,2.197224577337238,90097,0.90097,9850,8892,0.902741116751269
5,0.9,higher_risk_more_available,1.0,2.5642215001107616,90106,0.90106,9850,9403,0.9546192893401015
6,0.5,higher_risk_less_available,-1.0,0.0,49914,0.49914,10160,3368,0.331496062992126
6,0.5,risk_independent,0.0,0.0,50053,0.50053,10160,5099,0.5018700787401574
6,0.5,higher_risk_more_available,1.0,0.0,50084,0.50084,10160,6799,0.6691929133858268
6,0.7,higher_risk_less_available,-1.0,1.0184006519909872,70058,0.70058,10160,5509,0.5422244094488189
6,0.7,risk_independent,0.0,0.8472978603867887,70165,0.70165,10160,7195,0.7081692913385826
6,0.7,higher_risk_more_available,1.0,1.0184006519909872,70212,0.70212,10160,8470,0.8336614173228346
6,0.9,higher_risk_less_available,-1.0,2.5642215001107616,90058,0.90058,10160,8347,0.8215551181102362
6,0.9,risk_independent,0.0,2.197224577337238,90078,0.90078,10160,9178,0.9033464566929134
6,0.9,higher_risk_more_available,1.0,2.5642215001107616,90082,0.90082,10160,9654,0.9501968503937008
7,0.5,higher_risk_less_available,-1.0,0.0,49773,0.49773,10184,3372,0.33110761979575803
7,0.5,risk_independent,0.0,0.0,49947,0.49947,10184,5068,0.497643362136685
7,0.5,higher_risk_more_available,1.0,0.0,50047,0.50047,10184,6775,0.6652592301649647
7,0.7,higher_risk_less_available,-1.0,1.0184006519909872,70005,0.70005,10184,5563,0.546249018067557
7,0.7,risk_independent,0.0,0.8472978603867887,70024,0.70024,10184,7147,0.7017871170463472
7,0.7,higher_risk_more_available,1.0,1.0184006519909872,70041,0.70041,10184,8433,0.8280636292223095
7,0.9,higher_risk_less_available,-1.0,2.5642215001107616,89941,0.89941,10184,8309,0.8158876669285153
7,0.9,risk_independent,0.0,2.197224577337238,89981,0.89981,10184,9162,0.8996465043205027
7,0.9,higher_risk_more_available,1.0,2.5642215001107616,90040,0.9004,10184,9693,0.9517871170463472
8,0.5,higher_risk_less_available,-1.0,0.0,49878,0.49878,9945,3290,0.3308195072900955
8,0.5,risk_independent,0.0,0.0,49733,0.49733,9945,4893,0.49200603318250374
8,0.5,higher_risk_more_available,1.0,0.0,49573,0.49573,9945,6568,0.6604323780794369
8,0.7,higher_risk_less_available,-1.0,1.0184006519909872,69991,0.69991,9945,5321,0.535042735042735
8,0.7,risk_independent,0.0,0.8472978603867887,69828,0.69828,9945,6955,0.6993464052287581
8,0.7,higher_risk_more_available,1.0,1.0184006519909872,69645,0.69645,9945,8178,0.8223227752639517
8,0.9,higher_risk_less_available,-1.0,2.5642215001107616,90092,0.90092,9945,8133,0.8177978883861237
8,0.9,risk_independent,0.0,2.197224577337238,90070,0.9007,9945,8943,0.8992458521870287
8,0.9,higher_risk_more_available,1.0,2.5642215001107616,90037,0.90037,9945,9480,0.9532428355957768
9,0.5,higher_risk_less_available,-1.0,0.0,50433,0.50433,9915,3383,0.3412002017145739
9,0.5,risk_independent,0.0,0.0,50149,0.50149,9915,5019,0.5062027231467473
9,0.5,higher_risk_more_available,1.0,0.0,50036,0.50036,9915,6652,0.6709026727181039
9,0.7,higher_risk_less_available,-1.0,1.0184006519909872,70172,0.70172,9915,5375,0.5421079172970247
9,0.7,risk_independent,0.0,0.8472978603867887,70196,0.70196,9915,6996,0.7055975794251135
9,0.7,higher_risk_more_available,1.0,1.0184006519909872,70101,0.70101,9915,8278,0.8348966212808876
9,0.9,higher_risk_less_available,-1.0,2.5642215001107616,90057,0.90057,9915,8133,0.8202723146747353
9,0.9,risk_independent,0.0,2.197224577337238,90052,0.90052,9915,8946,0.9022692889561271
9,0.9,higher_risk_more_available,1.0,2.5642215001107616,89926,0.89926,9915,9442,0.9522945032778618
10,0.5,higher_risk_less_available,-1.0,0.0,50152,0.50152,10036,3329,0.3317058589079315
10,0.5,risk_independent,0.0,0.0,50135,0.50135,10036,5001,0.4983060980470307
10,0.5,higher_risk_more_available,1.0,0.0,50185,0.50185,10036,6682,0.6658031088082902
10,0.7,higher_risk_less_available,-1.0,1.0184006519909872,70132,0.70132,10036,5485,0.5465324830609805
10,0.7,risk_independent,0.0,0.8472978603867887,70125,0.70125,10036,7051,0.7025707453168593
10,0.7,higher_risk_more_available,1.0,1.0184006519909872,70193,0.70193,10036,8378,0.8347947389398167
10,0.9,higher_risk_less_available,-1.0,2.5642215001107616,89994,0.89994,10036,8241,0.821143882024711
10,0.9,risk_independent,0.0,2.197224577337238,89958,0.89958,10036,9050,0.90175368672778
10,0.9,higher_risk_more_available,1.0,2.5642215001107616,89944,0.89944,10036,9606,0.9571542447190116
11,0.5,higher_risk_less_available,-1.0,0.0,49803,0.49803,9990,3279,0.3282282282282282
11,0.5,risk_independent,0.0,0.0,49867,0.49867,9990,4945,0.494994994994995
11,0.5,higher_risk_more_available,1.0,0.0,49802,0.49802,9990,6616,0.6622622622622623
11,0.7,higher_risk_less_available,-1.0,1.0184006519909872,69991,0.69991,9990,5375,0.5380380380380381
11,0.7,risk_independent,0.0,0.8472978603867887,69971,0.69971,9990,6877,0.6883883883883883
11,0.7,higher_risk_more_available,1.0,1.0184006519909872,69862,0.69862,9990,8269,0.8277277277277277
11,0.9,higher_risk_less_available,-1.0,2.5642215001107616,90048,0.90048,9990,8135,0.8143143143143143
11,0.9,risk_independent,0.0,2.197224577337238,90002,0.90002,9990,8994,0.9003003003003003
11,0.9,higher_risk_more_available,1.0,2.5642215001107616,90034,0.90034,9990,9530,0.953953953953954
12,0.5,higher_risk_less_available,-1.0,0.0,50199,0.50199,10010,3360,0.3356643356643357
12,0.5,risk_independent,0.0,0.0,50227,0.50227,10010,5058,0.5052947052947053
12,0.5,higher_risk_more_available,1.0,0.0,49981,0.49981,10010,6720,0.6713286713286714
12,0.7,higher_risk_less_available,-1.0,1.0184006519909872,70160,0.7016,10010,5487,0.5481518481518481
12,0.7,risk_independent,0.0,0.8472978603867887,70094,0.70094,10010,7054,0.7046953046953047
12,0.7,higher_risk_more_available,1.0,1.0184006519909872,70025,0.70025,10010,8342,0.8333666333666334
12,0.9,higher_risk_less_available,-1.0,2.5642215001107616,89974,0.89974,10010,8181,0.8172827172827173
12,0.9,risk_independent,0.0,2.197224577337238,89914,0.89914,10010,9031,0.9021978021978022
12,0.9,higher_risk_more_available,1.0,2.5642215001107616,89965,0.89965,10010,9573,0.9563436563436564
13,0.5,higher_risk_less_available,-1.0,0.0,49933,0.49933,9767,3258,0.33357223302958944
13,0.5,risk_independent,0.0,0.0,50120,0.5012,9767,4880,0.49964165045561587
13,0.5,higher_risk_more_available,1.0,0.0,49967,0.49967,9767,6491,0.6645848264564349
13,0.7,higher_risk_less_available,-1.0,1.0184006519909872,70149,0.70149,9767,5284,0.5410054264359578
13,0.7,risk_independent,0.0,0.8472978603867887,69957,0.69957,9767,6842,0.7005221664789598
13,0.7,higher_risk_more_available,1.0,1.0184006519909872,69880,0.6988,9767,8066,0.8258421214293028
13,0.9,higher_risk_less_available,-1.0,2.5642215001107616,89951,0.89951,9767,7972,0.8162178765229856
13,0.9,risk_independent,0.0,2.197224577337238,89965,0.89965,9767,8769,0.8978191870584622
13,0.9,higher_risk_more_available,1.0,2.5642215001107616,89964,0.89964,9767,9298,0.9519811610525238
14,0.5,higher_risk_less_available,-1.0,0.0,49880,0.4988,10077,3286,0.3260891138235586
14,0.5,risk_independent,0.0,0.0,49884,0.49884,10077,4967,0.4929046343157686
14,0.5,higher_risk_more_available,1.0,0.0,50042,0.50042,10077,6695,0.6643842413416692
14,0.7,higher_risk_less_available,-1.0,1.0184006519909872,69874,0.69874,10077,5427,0.5385531408157189
14,0.7,risk_independent,0.0,0.8472978603867887,70044,0.70044,10077,7080,0.7025900565644537
14,0.7,higher_risk_more_available,1.0,1.0184006519909872,70003,0.70003,10077,8356,0.8292150441599683
14,0.9,higher_risk_less_available,-1.0,2.5642215001107616,89977,0.89977,10077,8227,0.8164136151632431
14,0.9,risk_independent,0.0,2.197224577337238,89936,0.89936,10077,9081,0.9011610598392379
14,0.9,higher_risk_more_available,1.0,2.5642215001107616,89909,0.89909,10077,9619,0.9545499652674407
15,0.5,higher_risk_less_available,-1.0,0.0,49809,0.49809,9965,3300,0.33115905669844453
15,0.5,risk_independent,0.0,0.0,49858,0.49858,9965,5048,0.5065730055193176
15,0.5,higher_risk_more_available,1.0,0.0,50055,0.50055,9965,6698,0.6721525338685399
15,0.7,higher_risk_less_available,-1.0,1.0184006519909872,69809,0.69809,9965,5450,0.5469141996989463
15,0.7,risk_independent,0.0,0.8472978603867887,70015,0.70015,9965,7048,0.7072754641244355
15,0.7,higher_risk_more_available,1.0,1.0184006519909872,70089,0.70089,9965,8291,0.8320120421475163
15,0.9,higher_risk_less_available,-1.0,2.5642215001107616,90031,0.90031,9965,8193,0.8221776216758655
15,0.9,risk_independent,0.0,2.197224577337238,90052,0.90052,9965,9028,0.9059708981435023
15,0.9,higher_risk_more_available,1.0,2.5642215001107616,90075,0.90075,9965,9508,0.9541394882087305
16,0.5,higher_risk_less_available,-1.0,0.0,50032,0.50032,9985,3340,0.33450175262894344
16,0.5,risk_independent,0.0,0.0,49890,0.4989,9985,5009,0.5016524787180772
16,0.5,higher_risk_more_available,1.0,0.0,49746,0.49746,9985,6623,0.6632949424136204
16,0.7,higher_risk_less_available,-1.0,1.0184006519909872,69862,0.69862,9985,5428,0.543615423134702
16,0.7,risk_independent,0.0,0.8472978603867887,69829,0.69829,9985,6953,0.6963445167751627
16,0.7,higher_risk_more_available,1.0,1.0184006519909872,69796,0.69796,9985,8250,0.8262393590385578
16,0.9,higher_risk_less_available,-1.0,2.5642215001107616,89922,0.89922,9985,8146,0.8158237356034052
16,0.9,risk_independent,0.0,2.197224577337238,89905,0.89905,9985,8966,0.8979469203805709
16,0.9,higher_risk_more_available,1.0,2.5642215001107616,89861,0.89861,9985,9478,0.9492238357536305
17,0.5,higher_risk_less_available,-1.0,0.0,49908,0.49908,10027,3401,0.33918420265283733
17,0.5,risk_independent,0.0,0.0,49898,0.49898,10027,5030,0.5016455569961105
17,0.5,higher_risk_more_available,1.0,0.0,49850,0.4985,10027,6706,0.6687942555101226
17,0.7,higher_risk_less_available,-1.0,1.0184006519909872,69942,0.69942,10027,5448,0.5433330008975765
17,0.7,risk_independent,0.0,0.8472978603867887,69900,0.699,10027,7014,0.6995113194375187
17,0.7,higher_risk_more_available,1.0,1.0184006519909872,69987,0.69987,10027,8349,0.8326518400319138
17,0.9,higher_risk_less_available,-1.0,2.5642215001107616,89868,0.89868,10027,8203,0.8180911538845118
17,0.9,risk_independent,0.0,2.197224577337238,89952,0.89952,10027,9031,0.9006681958711479
17,0.9,higher_risk_more_available,1.0,2.5642215001107616,89978,0.89978,10027,9565,0.953924404108906
18,0.5,higher_risk_less_available,-1.0,0.0,49954,0.49954,10050,3405,0.33880597014925373
18,0.5,risk_independent,0.0,0.0,49983,0.49983,10050,5044,0.5018905472636815
18,0.5,higher_risk_more_available,1.0,0.0,50101,0.50101,10050,6773,0.6739303482587065
18,0.7,higher_risk_less_available,-1.0,1.0184006519909872,69944,0.69944,10050,5450,0.5422885572139303
18,0.7,risk_independent,0.0,0.8472978603867887,70023,0.70023,10050,7101,0.7065671641791045
18,0.7,higher_risk_more_available,1.0,1.0184006519909872,70017,0.70017,10050,8328,0.8286567164179105
18,0.9,higher_risk_less_available,-1.0,2.5642215001107616,90051,0.90051,10050,8254,0.8212935323383085
18,0.9,risk_independent,0.0,2.197224577337238,90096,0.90096,10050,9104,0.9058706467661691
18,0.9,higher_risk_more_available,1.0,2.5642215001107616,90058,0.90058,10050,9609,0.9561194029850746
19,0.5,higher_risk_less_available,-1.0,0.0,50060,0.5006,9913,3276,0.33047513366286696
19,0.5,risk_independent,0.0,0.0,49847,0.49847,9913,4895,0.49379602542116413
19,0.5,higher_risk_more_available,1.0,0.0,50089,0.50089,9913,6584,0.6641783516594371
19,0.7,higher_risk_less_available,-1.0,1.0184006519909872,70043,0.70043,9913,5323,0.5369716533844446
19,0.7,risk_independent,0.0,0.8472978603867887,69994,0.69994,9913,6892,0.6952486633713306
19,0.7,higher_risk_more_available,1.0,1.0184006519909872,70002,0.70002,9913,8229,0.8301220619388682
19,0.9,higher_risk_less_available,-1.0,2.5642215001107616,89889,0.89889,9913,8042,0.8112579441137899
19,0.9,risk_independent,0.0,2.197224577337238,90024,0.90024,9913,8906,0.8984162211237768
19,0.9,higher_risk_more_available,1.0,2.5642215001107616,90111,0.90111,9913,9440,0.9522848784424494
20,0.5,higher_risk_less_available,-1.0,0.0,49884,0.49884,9883,3277,0.3315794799150056
20,0.5,risk_independent,0.0,0.0,49951,0.49951,9883,4978,0.5036932105635941
20,0.5,higher_risk_more_available,1.0,0.0,49903,0.49903,9883,6641,0.6719619548720024
20,0.7,higher_risk_less_available,-1.0,1.0184006519909872,70230,0.7023,9883,5380,0.5443691186886573
20,0.7,risk_independent,0.0,0.8472978603867887,69923,0.69923,9883,6966,0.7048467064656481
20,0.7,higher_risk_more_available,1.0,1.0184006519909872,69920,0.6992,9883,8240,0.833754932712739
20,0.9,higher_risk_less_available,-1.0,2.5642215001107616,90142,0.90142,9883,8167,0.8263685115855509
20,0.9,risk_independent,0.0,2.197224577337238,89986,0.89986,9883,8930,0.9035717899423252
20,0.9,higher_risk_more_available,1.0,2.5642215001107616,89968,0.89968,9883,9404,0.9515329353435191
21,0.5,higher_risk_less_available,-1.0,0.0,50240,0.5024,9946,3333,0.33510959179569677
21,0.5,risk_independent,0.0,0.0,50118,0.50118,9946,4961,0.4987934848180173
21,0.5,higher_risk_more_available,1.0,0.0,50026,0.50026,9946,6652,0.668811582545747
21,0.7,higher_risk_less_available,-1.0,1.0184006519909872,70076,0.70076,9946,5413,0.5442388900060325
21,0.7,risk_independent,0.0,0.8472978603867887,69961,0.69961,9946,6972,0.7009853207319525
21,0.7,higher_risk_more_available,1.0,1.0184006519909872,70137,0.70137,9946,8278,0.8322943897044037
21,0.9,higher_risk_less_available,-1.0,2.5642215001107616,90075,0.90075,9946,8142,0.8186205509752664
21,0.9,risk_independent,0.0,2.197224577337238,90048,0.90048,9946,8995,0.9043836718278705
21,0.9,higher_risk_more_available,1.0,2.5642215001107616,90038,0.90038,9946,9502,0.9553589382666399
22,0.5,higher_risk_less_available,-1.0,0.0,50006,0.50006,9994,3337,0.33390034020412246
22,0.5,risk_independent,0.0,0.0,50181,0.50181,9994,4981,0.4983990394236542
22,0.5,higher_risk_more_available,1.0,0.0,50089,0.50089,9994,6602,0.6605963578146888
22,0.7,higher_risk_less_available,-1.0,1.0184006519909872,69973,0.69973,9994,5377,0.5380228136882129
22,0.7,risk_independent,0.0,0.8472978603867887,70047,0.70047,9994,6954,0.6958174904942965
22,0.7,higher_risk_more_available,1.0,1.0184006519909872,70064,0.70064,9994,8271,0.8275965579347608
22,0.9,higher_risk_less_available,-1.0,2.5642215001107616,89970,0.8997,9994,8171,0.8175905543325995
22,0.9,risk_independent,0.0,2.197224577337238,90026,0.90026,9994,9014,0.9019411646988192
22,0.9,higher_risk_more_available,1.0,2.5642215001107616,90186,0.90186,9994,9552,0.9557734640784471
23,0.5,higher_risk_less_available,-1.0,0.0,49971,0.49971,9850,3224,0.32730964467005075
23,0.5,risk_independent,0.0,0.0,50111,0.50111,9850,4907,0.49817258883248733
23,0.5,higher_risk_more_available,1.0,0.0,49935,0.49935,9850,6595,0.6695431472081218
23,0.7,higher_risk_less_available,-1.0,1.0184006519909872,69927,0.69927,9850,5290,0.5370558375634518
23,0.7,risk_independent,0.0,0.8472978603867887,70036,0.70036,9850,6913,0.7018274111675127
23,0.7,higher_risk_more_available,1.0,1.0184006519909872,70043,0.70043,9850,8160,0.8284263959390863
23,0.9,higher_risk_less_available,-1.0,2.5642215001107616,90043,0.90043,9850,8105,0.8228426395939086
23,0.9,risk_independent,0.0,2.197224577337238,90007,0.90007,9850,8880,0.9015228426395939
23,0.9,higher_risk_more_available,1.0,2.5642215001107616,89980,0.8998,9850,9389,0.9531979695431472
24,0.5,higher_risk_less_available,-1.0,0.0,50057,0.50057,10017,3319,0.33133672756314264
24,0.5,risk_independent,0.0,0.0,50039,0.50039,10017,4966,0.49575721273834483
24,0.5,higher_risk_more_available,1.0,0.0,50014,0.50014,10017,6675,0.666367175801138
24,0.7,higher_risk_less_available,-1.0,1.0184006519909872,69999,0.69999,10017,5359,0.5349905161225916
24,0.7,risk_independent,0.0,0.8472978603867887,69979,0.69979,10017,6968,0.6956174503344315
24,0.7,higher_risk_more_available,1.0,1.0184006519909872,70057,0.70057,10017,8261,0.8246980133772587
24,0.9,higher_risk_less_available,-1.0,2.5642215001107616,90030,0.9003,10017,8169,0.8155136268343816
24,0.9,risk_independent,0.0,2.197224577337238,90016,0.90016,10017,9018,0.9002695417789758
24,0.9,higher_risk_more_available,1.0,2.5642215001107616,89911,0.89911,10017,9547,0.9530797644005191
25,0.5,higher_risk_less_available,-1.0,0.0,50066,0.50066,10007,3379,0.33766363545518135
25,0.5,risk_independent,0.0,0.0,49954,0.49954,10007,5026,0.5022484261017288
25,0.5,higher_risk_more_available,1.0,0.0,50061,0.50061,10007,6657,0.6652343359648246
25,0.7,higher_risk_less_available,-1.0,1.0184006519909872,70032,0.70032,10007,5479,0.5475167382832018
25,0.7,risk_independent,0.0,0.8472978603867887,70055,0.70055,10007,7014,0.7009093634455881
25,0.7,higher_risk_more_available,1.0,1.0184006519909872,70198,0.70198,10007,8304,0.829819126611372
25,0.9,higher_risk_less_available,-1.0,2.5642215001107616,90064,0.90064,10007,8160,0.8154291995603078
25,0.9,risk_independent,0.0,2.197224577337238,90069,0.90069,10007,8980,0.8973718397122015
25,0.9,higher_risk_more_available,1.0,2.5642215001107616,90091,0.90091,10007,9550,0.9543319676226641
26,0.5,higher_risk_less_available,-1.0,0.0,50010,0.5001,9997,3309,0.330999299789937
26,0.5,risk_independent,0.0,0.0,49786,0.49786,9997,5007,0.5008502550765229
26,0.5,higher_risk_more_available,1.0,0.0,49911,0.49911,9997,6692,0.6694008202460738
26,0.7,higher_risk_less_available,-1.0,1.0184006519909872,70032,0.70032,9997,5382,0.5383615084525357
26,0.7,risk_independent,0.0,0.8472978603867887,70174,0.70174,9997,7044,0.7046113834150245
26,0.7,higher_risk_more_available,1.0,1.0184006519909872,70080,0.7008,9997,8302,0.8304491347404221
26,0.9,higher_risk_less_available,-1.0,2.5642215001107616,90060,0.9006,9997,8147,0.8149444833450035
26,0.9,risk_independent,0.0,2.197224577337238,90100,0.901,9997,9014,0.9016705011503451
26,0.9,higher_risk_more_available,1.0,2.5642215001107616,90110,0.9011,9997,9525,0.9527858357507252
27,0.5,higher_risk_less_available,-1.0,0.0,50049,0.50049,10095,3387,0.3355126300148588
27,0.5,risk_independent,0.0,0.0,49963,0.49963,10095,5097,0.5049034175334324
27,0.5,higher_risk_more_available,1.0,0.0,49958,0.49958,10095,6738,0.6674591381872214
27,0.7,higher_risk_less_available,-1.0,1.0184006519909872,70006,0.70006,10095,5462,0.5410599306587419
27,0.7,risk_independent,0.0,0.8472978603867887,69981,0.69981,10095,7060,0.6993561168895492
27,0.7,higher_risk_more_available,1.0,1.0184006519909872,69845,0.69845,10095,8376,0.8297176820208024
27,0.9,higher_risk_less_available,-1.0,2.5642215001107616,89928,0.89928,10095,8271,0.8193164933135215
27,0.9,risk_independent,0.0,2.197224577337238,89915,0.89915,10095,9141,0.9054977711738484
27,0.9,higher_risk_more_available,1.0,2.5642215001107616,89946,0.89946,10095,9641,0.9550272412085191
28,0.5,higher_risk_less_available,-1.0,0.0,49958,0.49958,9873,3254,0.3295857388838246
28,0.5,risk_independent,0.0,0.0,49857,0.49857,9873,4880,0.49427732198926366
28,0.5,higher_risk_more_available,1.0,0.0,49747,0.49747,9873,6539,0.6623113541983187
28,0.7,higher_risk_less_available,-1.0,1.0184006519909872,69878,0.69878,9873,5283,0.5350957155879672
28,0.7,risk_independent,0.0,0.8472978603867887,69844,0.69844,9873,6899,0.6987744353286741
28,0.7,higher_risk_more_available,1.0,1.0184006519909872,69870,0.6987,9873,8113,0.8217360478071508
28,0.9,higher_risk_less_available,-1.0,2.5642215001107616,89940,0.8994,9873,8043,0.8146460042540261
28,0.9,risk_independent,0.0,2.197224577337238,90014,0.90014,9873,8864,0.8978020864985313
28,0.9,higher_risk_more_available,1.0,2.5642215001107616,89958,0.89958,9873,9396,0.9516864175022789
29,0.5,higher_risk_less_available,-1.0,0.0,49970,0.4997,10037,3365,0.3352595397030985
29,0.5,risk_independent,0.0,0.0,50075,0.50075,10037,5066,0.5047324897877852
29,0.5,higher_risk_more_available,1.0,0.0,49922,0.49922,10037,6712,0.6687257148550364
29,0.7,higher_risk_less_available,-1.0,1.0184006519909872,69931,0.69931,10037,5473,0.5452824549168078
29,0.7,risk_independent,0.0,0.8472978603867887,69783,0.69783,10037,7051,0.7025007472352297
29,0.7,higher_risk_more_available,1.0,1.0184006519909872,70110,0.7011,10037,8371,0.8340141476536814
29,0.9,higher_risk_less_available,-1.0,2.5642215001107616,89892,0.89892,10037,8238,0.8207631762478829
29,0.9,risk_independent,0.0,2.197224577337238,89964,0.89964,10037,9088,0.9054498356082494
29,0.9,higher_risk_more_available,1.0,2.5642215001107616,89917,0.89917,10037,9582,0.9546677294012155
30,0.5,higher_risk_less_available,-1.0,0.0,49877,0.49877,9985,3334,0.3339008512769154
30,0.5,risk_independent,0.0,0.0,50044,0.50044,9985,5042,0.5049574361542314
30,0.5,higher_risk_more_available,1.0,0.0,50023,0.50023,9985,6680,0.6690035052578869
30,0.7,higher_risk_less_available,-1.0,1.0184006519909872,69957,0.69957,9985,5462,0.5470205307961943
30,0.7,risk_independent,0.0,0.8472978603867887,69969,0.69969,9985,6992,0.700250375563345
30,0.7,higher_risk_more_available,1.0,1.0184006519909872,69958,0.69958,9985,8296,0.8308462694041061
30,0.9,higher_risk_less_available,-1.0,2.5642215001107616,90068,0.90068,9985,8184,0.8196294441662494
30,0.9,risk_independent,0.0,2.197224577337238,90102,0.90102,9985,8981,0.8994491737606409
30,0.9,higher_risk_more_available,1.0,2.5642215001107616,90034,0.90034,9985,9547,0.9561342013019529
31,0.5,higher_risk_less_available,-1.0,0.0,50053,0.50053,9937,3304,0.33249471671530645
31,0.5,risk_independent,0.0,0.0,49986,0.49986,9937,4952,0.49833953909630674
31,0.5,higher_risk_more_available,1.0,0.0,49969,0.49969,9937,6604,0.6645868974539599
31,0.7,higher_risk_less_available,-1.0,1.0184006519909872,69873,0.69873,9937,5301,0.5334608030592735
31,0.7,risk_independent,0.0,0.8472978603867887,69969,0.69969,9937,6902,0.694575827714602
31,0.7,higher_risk_more_available,1.0,1.0184006519909872,69858,0.69858,9937,8179,0.8230854382610446
31,0.9,higher_risk_less_available,-1.0,2.5642215001107616,89877,0.89877,9937,8027,0.8077890711482338
31,0.9,risk_independent,0.0,2.197224577337238,89927,0.89927,9937,8895,0.8951393780819161
31,0.9,higher_risk_more_available,1.0,2.5642215001107616,89949,0.89949,9937,9442,0.9501861728892019
32,0.5,higher_risk_less_available,-1.0,0.0,49997,0.49997,9956,3311,0.33256327842507033
32,0.5,risk_independent,0.0,0.0,49974,0.49974,9956,4960,0.49819204499799113
32,0.5,higher_risk_more_available,1.0,0.0,50172,0.50172,9956,6620,0.6649256729610286
32,0.7,higher_risk_less_available,-1.0,1.0184006519909872,70000,0.7,9956,5351,0.5374648453194054
32,0.7,risk_independent,0.0,0.8472978603867887,69968,0.69968,9956,6900,0.6930494174367215
32,0.7,higher_risk_more_available,1.0,1.0184006519909872,70099,0.70099,9956,8248,0.8284451586982724
32,0.9,higher_risk_less_available,-1.0,2.5642215001107616,90017,0.90017,9956,8150,0.8186018481317798
32,0.9,risk_independent,0.0,2.197224577337238,89992,0.89992,9956,8969,0.900863800723182
32,0.9,higher_risk_more_available,1.0,2.5642215001107616,89912,0.89912,9956,9492,0.9533949377259944
33,0.5,higher_risk_less_available,-1.0,0.0,50248,0.50248,10076,3386,0.33604605001984916
33,0.5,risk_independent,0.0,0.0,50161,0.50161,10076,5054,0.5015879317189361
33,0.5,higher_risk_more_available,1.0,0.0,50017,0.50017,10076,6692,0.6641524414450178
33,0.7,higher_risk_less_available,-1.0,1.0184006519909872,70038,0.70038,10076,5470,0.5428741564112743
33,0.7,risk_independent,0.0,0.8472978603867887,70004,0.70004,10076,7004,0.6951171099642716
33,0.7,higher_risk_more_available,1.0,1.0184006519909872,70015,0.70015,10076,8284,0.8221516474791584
33,0.9,higher_risk_less_available,-1.0,2.5642215001107616,90058,0.90058,10076,8234,0.8171893608574832
33,0.9,risk_independent,0.0,2.197224577337238,90184,0.90184,10076,9058,0.8989678443826915
33,0.9,higher_risk_more_available,1.0,2.5642215001107616,90088,0.90088,10076,9554,0.9481937276697102
34,0.5,higher_risk_less_available,-1.0,0.0,49923,0.49923,10098,3369,0.333630421865716
34,0.5,risk_independent,0.0,0.0,50156,0.50156,10098,5041,0.49920776391364624
34,0.5,higher_risk_more_available,1.0,0.0,50247,0.50247,10098,6740,0.6674589027530204
34,0.7,higher_risk_less_available,-1.0,1.0184006519909872,69871,0.69871,10098,5435,0.5382253911665676
34,0.7,risk_independent,0.0,0.8472978603867887,69985,0.69985,10098,7037,0.6968706674589028
34,0.7,higher_risk_more_available,1.0,1.0184006519909872,70400,0.704,10098,8406,0.8324420677361853
34,0.9,higher_risk_less_available,-1.0,2.5642215001107616,90168,0.90168,10098,8282,0.8201624083977025
34,0.9,risk_independent,0.0,2.197224577337238,90177,0.90177,10098,9116,0.9027530204000792
34,0.9,higher_risk_more_available,1.0,2.5642215001107616,90202,0.90202,10098,9632,0.953852247969895
35,0.5,higher_risk_less_available,-1.0,0.0,50111,0.50111,10019,3402,0.33955484579299333
35,0.5,risk_independent,0.0,0.0,50059,0.50059,10019,5015,0.5005489569817347
35,0.5,higher_risk_more_available,1.0,0.0,50226,0.50226,10019,6655,0.6642379478989919
35,0.7,higher_risk_less_available,-1.0,1.0184006519909872,70122,0.70122,10019,5439,0.5428685497554646
35,0.7,risk_independent,0.0,0.8472978603867887,70048,0.70048,10019,6970,0.6956782113983432
35,0.7,higher_risk_more_available,1.0,1.0184006519909872,70113,0.70113,10019,8247,0.8231360415211099
35,0.9,higher_risk_less_available,-1.0,2.5642215001107616,89861,0.89861,10019,8134,0.8118574708054697
35,0.9,risk_independent,0.0,2.197224577337238,89913,0.89913,10019,8978,0.8960974149116678
35,0.9,higher_risk_more_available,1.0,2.5642215001107616,89840,0.8984,10019,9512,0.9493961473200918
36,0.5,higher_risk_less_available,-1.0,0.0,50224,0.50224,9891,3257,0.32928925285613186
36,0.5,risk_independent,0.0,0.0,50033,0.50033,9891,4909,0.49630977656455366
36,0.5,higher_risk_more_available,1.0,0.0,50013,0.50013,9891,6591,0.6663633606308765
36,0.7,higher_risk_less_available,-1.0,1.0184006519909872,69976,0.69976,9891,5375,0.5434233141239511
36,0.7,risk_independent,0.0,0.8472978603867887,70155,0.70155,9891,6931,0.7007380446870892
36,0.7,higher_risk_more_available,1.0,1.0184006519909872,70067,0.70067,9891,8173,0.8263067435041958
36,0.9,higher_risk_less_available,-1.0,2.5642215001107616,89997,0.89997,9891,8133,0.8222626630269942
36,0.9,risk_independent,0.0,2.197224577337238,89910,0.8991,9891,8908,0.9006167222727732
36,0.9,higher_risk_more_available,1.0,2.5642215001107616,89817,0.89817,9891,9405,0.9508644222020018
37,0.5,higher_risk_less_available,-1.0,0.0,50177,0.50177,10132,3439,0.33941966048164235
37,0.5,risk_independent,0.0,0.0,50104,0.50104,10132,5088,0.5021713383339913
37,0.5,higher_risk_more_available,1.0,0.0,49720,0.4972,10132,6758,0.666995657323332
37,0.7,higher_risk_less_available,-1.0,1.0184006519909872,70015,0.70015,10132,5562,0.5489538097118042
37,0.7,risk_independent,0.0,0.8472978603867887,70207,0.70207,10132,7106,0.7013422818791947
37,0.7,higher_risk_more_available,1.0,1.0184006519909872,69908,0.69908,10132,8399,0.8289577575996842
37,0.9,higher_risk_less_available,-1.0,2.5642215001107616,89946,0.89946,10132,8345,0.8236281089617055
37,0.9,risk_independent,0.0,2.197224577337238,89875,0.89875,10132,9129,0.9010067114093959
37,0.9,higher_risk_more_available,1.0,2.5642215001107616,89910,0.8991,10132,9621,0.9495657323332017
38,0.5,higher_risk_less_available,-1.0,0.0,50172,0.50172,9933,3376,0.3398771770864794
38,0.5,risk_independent,0.0,0.0,50112,0.50112,9933,4999,0.503271921876573
38,0.5,higher_risk_more_available,1.0,0.0,49950,0.4995,9933,6637,0.6681767844558543
38,0.7,higher_risk_less_available,-1.0,1.0184006519909872,70156,0.70156,9933,5471,0.5507902949763415
38,0.7,risk_independent,0.0,0.8472978603867887,70190,0.7019,9933,7007,0.7054263565891473
38,0.7,higher_risk_more_available,1.0,1.0184006519909872,70106,0.70106,9933,8252,0.8307661330917144
38,0.9,higher_risk_less_available,-1.0,2.5642215001107616,90112,0.90112,9933,8145,0.8199939595288432
38,0.9,risk_independent,0.0,2.197224577337238,90119,0.90119,9933,9006,0.906674720628209
38,0.9,higher_risk_more_available,1.0,2.5642215001107616,90139,0.90139,9933,9484,0.9547971408436525
39,0.5,higher_risk_less_available,-1.0,0.0,50255,0.50255,9962,3342,0.3354748042561735
39,0.5,risk_independent,0.0,0.0,50229,0.50229,9962,4994,0.5013049588436057
39,0.5,higher_risk_more_available,1.0,0.0,50079,0.50079,9962,6682,0.6707488456133307
39,0.7,higher_risk_less_available,-1.0,1.0184006519909872,70002,0.70002,9962,5465,0.5485846215619353
39,0.7,risk_independent,0.0,0.8472978603867887,70150,0.7015,9962,7011,0.7037743425015057
39,0.7,higher_risk_more_available,1.0,1.0184006519909872,70245,0.70245,9962,8296,0.8327645051194539
39,0.9,higher_risk_less_available,-1.0,2.5642215001107616,90094,0.90094,9962,8174,0.820517968279462
39,0.9,risk_independent,0.0,2.197224577337238,90053,0.90053,9962,9001,0.9035334270226862
39,0.9,higher_risk_more_available,1.0,2.5642215001107616,90071,0.90071,9962,9518,0.9554306364183899
40,0.5,higher_risk_less_available,-1.0,0.0,49833,0.49833,10056,3310,0.329156722354813
40,0.5,risk_independent,0.0,0.0,49822,0.49822,10056,4978,0.4950278440731901
40,0.5,higher_risk_more_available,1.0,0.0,50186,0.50186,10056,6705,0.6667661097852029
40,0.7,higher_risk_less_available,-1.0,1.0184006519909872,69783,0.69783,10056,5376,0.5346062052505967
40,0.7,risk_independent,0.0,0.8472978603867887,70007,0.70007,10056,6971,0.6932179793158313
40,0.7,higher_risk_more_available,1.0,1.0184006519909872,70047,0.70047,10056,8322,0.8275656324582339
40,0.9,higher_risk_less_available,-1.0,2.5642215001107616,89804,0.89804,10056,8177,0.8131463802704852
40,0.9,risk_independent,0.0,2.197224577337238,89844,0.89844,10056,9026,0.8975735879077168
40,0.9,higher_risk_more_available,1.0,2.5642215001107616,89748,0.89748,10056,9546,0.9492840095465394
41,0.5,higher_risk_less_available,-1.0,0.0,49745,0.49745,10025,3348,0.3339650872817955
41,0.5,risk_independent,0.0,0.0,49863,0.49863,10025,5048,0.5035411471321696
41,0.5,higher_risk_more_available,1.0,0.0,49942,0.49942,10025,6656,0.6639401496259352
41,0.7,higher_risk_less_available,-1.0,1.0184006519909872,69885,0.69885,10025,5458,0.5444389027431421
41,0.7,risk_independent,0.0,0.8472978603867887,70084,0.70084,10025,7032,0.7014463840399002
41,0.7,higher_risk_more_available,1.0,1.0184006519909872,70092,0.70092,10025,8312,0.8291271820448878
41,0.9,higher_risk_less_available,-1.0,2.5642215001107616,90059,0.90059,10025,8210,0.8189526184538654
41,0.9,risk_independent,0.0,2.197224577337238,90110,0.9011,10025,9025,0.9002493765586035
41,0.9,higher_risk_more_available,1.0,2.5642215001107616,90150,0.9015,10025,9552,0.9528179551122195
42,0.5,higher_risk_less_available,-1.0,0.0,50042,0.50042,10020,3317,0.3310379241516966
42,0.5,risk_independent,0.0,0.0,49810,0.4981,10020,4935,0.49251497005988026
42,0.5,higher_risk_more_available,1.0,0.0,49820,0.4982,10020,6641,0.6627744510978044
42,0.7,higher_risk_less_available,-1.0,1.0184006519909872,70060,0.7006,10020,5382,0.537125748502994
42,0.7,risk_independent,0.0,0.8472978603867887,69997,0.69997,10020,6942,0.692814371257485
42,0.7,higher_risk_more_available,1.0,1.0184006519909872,69899,0.69899,10020,8286,0.8269461077844311
42,0.9,higher_risk_less_available,-1.0,2.5642215001107616,89930,0.8993,10020,8120,0.810379241516966
42,0.9,risk_independent,0.0,2.197224577337238,90020,0.9002,10020,9003,0.8985029940119761
42,0.9,higher_risk_more_available,1.0,2.5642215001107616,90012,0.90012,10020,9550,0.9530938123752495
43,0.5,higher_risk_less_available,-1.0,0.0,49867,0.49867,9789,3267,0.3337419552558995
43,0.5,risk_independent,0.0,0.0,49739,0.49739,9789,4846,0.4950454591888855
43,0.5,higher_risk_more_available,1.0,0.0,49843,0.49843,9789,6498,0.6638063132087036
43,0.7,higher_risk_less_available,-1.0,1.0184006519909872,69888,0.69888,9789,5294,0.5408111145162938
43,0.7,risk_independent,0.0,0.8472978603867887,69514,0.69514,9789,6788,0.6934314025947492
43,0.7,higher_risk_more_available,1.0,1.0184006519909872,69634,0.69634,9789,8082,0.8256205945448973
43,0.9,higher_risk_less_available,-1.0,2.5642215001107616,89956,0.89956,9789,7969,0.8140770252324038
43,0.9,risk_independent,0.0,2.197224577337238,89799,0.89799,9789,8800,0.8989682296455205
43,0.9,higher_risk_more_available,1.0,2.5642215001107616,89747,0.89747,9789,9291,0.9491265706405149
44,0.5,higher_risk_less_available,-1.0,0.0,49874,0.49874,10120,3325,0.3285573122529644
44,0.5,risk_independent,0.0,0.0,49752,0.49752,10120,4893,0.483498023715415
44,0.5,higher_risk_more_available,1.0,0.0,49863,0.49863,10120,6640,0.6561264822134387
44,0.7,higher_risk_less_available,-1.0,1.0184006519909872,69773,0.69773,10120,5392,0.532806324110672
44,0.7,risk_independent,0.0,0.8472978603867887,69884,0.69884,10120,7020,0.6936758893280632
44,0.7,higher_risk_more_available,1.0,1.0184006519909872,69955,0.69955,10120,8342,0.8243083003952569
44,0.9,higher_risk_less_available,-1.0,2.5642215001107616,89872,0.89872,10120,8214,0.8116600790513834
44,0.9,risk_independent,0.0,2.197224577337238,89920,0.8992,10120,9100,0.8992094861660079
44,0.9,higher_risk_more_available,1.0,2.5642215001107616,89997,0.89997,10120,9633,0.9518774703557312
45,0.5,higher_risk_less_available,-1.0,0.0,50031,0.50031,10202,3365,0.32983728680650853
45,0.5,risk_independent,0.0,0.0,50009,0.50009,10202,5081,0.498039600078416
45,0.5,higher_risk_more_available,1.0,0.0,50059,0.50059,10202,6838,0.6702607331895707
45,0.7,higher_risk_less_available,-1.0,1.0184006519909872,69931,0.69931,10202,5548,0.5438149382474025
45,0.7,risk_independent,0.0,0.8472978603867887,70002,0.70002,10202,7173,0.7030974318761027
45,0.7,higher_risk_more_available,1.0,1.0184006519909872,70093,0.70093,10202,8465,0.8297392668104293
45,0.9,higher_risk_less_available,-1.0,2.5642215001107616,89904,0.89904,10202,8371,0.8205253871789845
45,0.9,risk_independent,0.0,2.197224577337238,90035,0.90035,10202,9227,0.9044305038227799
45,0.9,higher_risk_more_available,1.0,2.5642215001107616,90110,0.9011,10202,9730,0.9537345618506176
46,0.5,higher_risk_less_available,-1.0,0.0,50099,0.50099,10009,3337,0.33339994005395146
46,0.5,risk_independent,0.0,0.0,50255,0.50255,10009,4977,0.49725247277450296
46,0.5,higher_risk_more_available,1.0,0.0,50231,0.50231,10009,6668,0.6662004196223399
46,0.7,higher_risk_less_available,-1.0,1.0184006519909872,69887,0.69887,10009,5415,0.5410130882206015
46,0.7,risk_independent,0.0,0.8472978603867887,70040,0.7004,10009,6970,0.6963732640623439
46,0.7,higher_risk_more_available,1.0,1.0184006519909872,70216,0.70216,10009,8288,0.8280547507243481
46,0.9,higher_risk_less_available,-1.0,2.5642215001107616,89822,0.89822,10009,8152,0.8144669797182535
46,0.9,risk_independent,0.0,2.197224577337238,89934,0.89934,10009,9000,0.89919072834449
46,0.9,higher_risk_more_available,1.0,2.5642215001107616,89966,0.89966,10009,9528,0.9519432510740333
47,0.5,higher_risk_less_available,-1.0,0.0,50171,0.50171,9970,3263,0.32728184553660983
47,0.5,risk_independent,0.0,0.0,50112,0.50112,9970,5008,0.5023069207622869
47,0.5,higher_risk_more_available,1.0,0.0,49938,0.49938,9970,6595,0.6614844533600802
47,0.7,higher_risk_less_available,-1.0,1.0184006519909872,70361,0.70361,9970,5459,0.5475426278836509
47,0.7,risk_independent,0.0,0.8472978603867887,70022,0.70022,9970,6963,0.69839518555667
47,0.7,higher_risk_more_available,1.0,1.0184006519909872,69849,0.69849,9970,8214,0.8238716148445336
47,0.9,higher_risk_less_available,-1.0,2.5642215001107616,90077,0.90077,9970,8184,0.8208625877632899
47,0.9,risk_independent,0.0,2.197224577337238,89994,0.89994,9970,8963,0.8989969909729187
47,0.9,higher_risk_more_available,1.0,2.5642215001107616,90006,0.90006,9970,9449,0.9477432296890672
48,0.5,higher_risk_less_available,-1.0,0.0,49930,0.4993,10081,3382,0.33548259101279637
48,0.5,risk_independent,0.0,0.0,49915,0.49915,10081,5043,0.5002479912707073
48,0.5,higher_risk_more_available,1.0,0.0,49744,0.49744,10081,6761,0.6706675925007439
48,0.7,higher_risk_less_available,-1.0,1.0184006519909872,69945,0.69945,10081,5469,0.5425057037992262
48,0.7,risk_independent,0.0,0.8472978603867887,69740,0.6974,10081,7068,0.7011209205435969
48,0.7,higher_risk_more_available,1.0,1.0184006519909872,69962,0.69962,10081,8430,0.8362265648249182
48,0.9,higher_risk_less_available,-1.0,2.5642215001107616,90002,0.90002,10081,8194,0.8128161888701517
48,0.9,risk_independent,0.0,2.197224577337238,90086,0.90086,10081,9105,0.9031842079158814
48,0.9,higher_risk_more_available,1.0,2.5642215001107616,89981,0.89981,10081,9625,0.9547663922229938
49,0.5,higher_risk_less_available,-1.0,0.0,49974,0.49974,9943,3254,0.3272654128532636
49,0.5,risk_independent,0.0,0.0,49891,0.49891,9943,5002,0.5030674846625767
49,0.5,higher_risk_more_available,1.0,0.0,49999,0.49999,9943,6676,0.6714271346676054
49,0.7,higher_risk_less_available,-1.0,1.0184006519909872,70081,0.70081,9943,5378,0.5408830332897516
49,0.7,risk_independent,0.0,0.8472978603867887,69876,0.69876,9943,6985,0.7025042743638741
49,0.7,higher_risk_more_available,1.0,1.0184006519909872,69882,0.69882,9943,8274,0.8321432163330986
49,0.9,higher_risk_less_available,-1.0,2.5642215001107616,90188,0.90188,9943,8153,0.8199738509504174
49,0.9,risk_independent,0.0,2.197224577337238,90105,0.90105,9943,8934,0.8985215729659056
49,0.9,higher_risk_more_available,1.0,2.5642215001107616,89849,0.89849,9943,9437,0.9491099265815146
50,0.5,higher_risk_less_available,-1.0,0.0,50041,0.50041,9823,3201,0.3258678611422172
50,0.5,risk_independent,0.0,0.0,49783,0.49783,9823,4858,0.49455359869693577
50,0.5,higher_risk_more_available,1.0,0.0,49713,0.49713,9823,6521,0.6638501476127456
50,0.7,higher_risk_less_available,-1.0,1.0184006519909872,69967,0.69967,9823,5306,0.540160846991754
50,0.7,risk_independent,0.0,0.8472978603867887,69778,0.69778,9823,6824,0.6946961213478571
50,0.7,higher_risk_more_available,1.0,1.0184006519909872,69727,0.69727,9823,8082,0.822762903390003
50,0.9,higher_risk_less_available,-1.0,2.5642215001107616,90001,0.90001,9823,7963,0.8106484780616919
50,0.9,risk_independent,0.0,2.197224577337238,89950,0.8995,9823,8785,0.8943296345312023
50,0.9,higher_risk_more_available,1.0,2.5642215001107616,89921,0.89921,9823,9342,0.9510332892191795
51,0.5,higher_risk_less_available,-1.0,0.0,50305,0.50305,9939,3264,0.32840325988530034
51,0.5,risk_independent,0.0,0.0,50075,0.50075,9939,4916,0.4946171647046987
51,0.5,higher_risk_more_available,1.0,0.0,49826,0.49826,9939,6539,0.6579132709528122
51,0.7,higher_risk_less_available,-1.0,1.0184006519909872,70290,0.7029,9939,5438,0.5471375389878257
51,0.7,risk_independent,0.0,0.8472978603867887,70049,0.70049,9939,6937,0.6979575410001007
51,0.7,higher_risk_more_available,1.0,1.0184006519909872,69902,0.69902,9939,8187,0.8237247207968609
51,0.9,higher_risk_less_available,-1.0,2.5642215001107616,89949,0.89949,9939,8123,0.8172854411912668
51,0.9,risk_independent,0.0,2.197224577337238,89957,0.89957,9939,8893,0.8947580239460711
51,0.9,higher_risk_more_available,1.0,2.5642215001107616,89874,0.89874,9939,9419,0.9476808532045478
52,0.5,higher_risk_less_available,-1.0,0.0,49677,0.49677,9953,3327,0.3342710740480257
52,0.5,risk_independent,0.0,0.0,49673,0.49673,9953,4985,0.5008540138651663
52,0.5,higher_risk_more_available,1.0,0.0,49720,0.4972,9953,6647,0.6678388425600321
52,0.7,higher_risk_less_available,-1.0,1.0184006519909872,69795,0.69795,9953,5357,0.53822967949362
52,0.7,risk_independent,0.0,0.8472978603867887,69795,0.69795,9953,6954,0.6986838139254496
52,0.7,higher_risk_more_available,1.0,1.0184006519909872,69687,0.69687,9953,8230,0.8268863659198231
52,0.9,higher_risk_less_available,-1.0,2.5642215001107616,89853,0.89853,9953,8073,0.8111122274691048
52,0.9,risk_independent,0.0,2.197224577337238,89783,0.89783,9953,8920,0.896212197327439
52,0.9,higher_risk_more_available,1.0,2.5642215001107616,89868,0.89868,9953,9473,0.9517733346729629
53,0.5,higher_risk_less_available,-1.0,0.0,50021,0.50021,9982,3265,0.32708875976758167
53,0.5,risk_independent,0.0,0.0,50051,0.50051,9982,4994,0.5003005409737528
53,0.5,higher_risk_more_available,1.0,0.0,50106,0.50106,9982,6678,0.6690042075736325
53,0.7,higher_risk_less_available,-1.0,1.0184006519909872,69927,0.69927,9982,5424,0.5433780805449809
53,0.7,risk_independent,0.0,0.8472978603867887,69950,0.6995,9982,7016,0.7028651572831096
53,0.7,higher_risk_more_available,1.0,1.0184006519909872,70069,0.70069,9982,8315,0.8329993989180525
53,0.9,higher_risk_less_available,-1.0,2.5642215001107616,90020,0.9002,9982,8232,0.8246844319775596
53,0.9,risk_independent,0.0,2.197224577337238,90017,0.90017,9982,9018,0.9034261671007814
53,0.9,higher_risk_more_available,1.0,2.5642215001107616,90006,0.90006,9982,9510,0.9527148867962332
54,0.5,higher_risk_less_available,-1.0,0.0,49757,0.49757,10054,3323,0.33051521782375176
54,0.5,risk_independent,0.0,0.0,49823,0.49823,10054,5043,0.5015914064054108
54,0.5,higher_risk_more_available,1.0,0.0,49878,0.49878,10054,6660,0.6624229162522379
54,0.7,higher_risk_less_available,-1.0,1.0184006519909872,69842,0.69842,10054,5438,0.5408792520389895
54,0.7,risk_independent,0.0,0.8472978603867887,69856,0.69856,10054,7022,0.6984284861746568
54,0.7,higher_risk_more_available,1.0,1.0184006519909872,69948,0.69948,10054,8280,0.8235528148000796
54,0.9,higher_risk_less_available,-1.0,2.5642215001107616,89849,0.89849,10054,8231,0.818679132683509
54,0.9,risk_independent,0.0,2.197224577337238,89891,0.89891,10054,9048,0.8999403222597971
54,0.9,higher_risk_more_available,1.0,2.5642215001107616,89915,0.89915,10054,9573,0.9521583449373384
55,0.5,higher_risk_less_available,-1.0,0.0,49827,0.49827,9727,3210,0.33000925259586716
55,0.5,risk_independent,0.0,0.0,50017,0.50017,9727,4881,0.5017991158630616
55,0.5,higher_risk_more_available,1.0,0.0,49970,0.4997,9727,6539,0.6722524930605531
55,0.7,higher_risk_less_available,-1.0,1.0184006519909872,69899,0.69899,9727,5267,0.5414824714711628
55,0.7,risk_independent,0.0,0.8472978603867887,69960,0.6996,9727,6815,0.700627120386553
55,0.7,higher_risk_more_available,1.0,1.0184006519909872,70070,0.7007,9727,8066,0.8292382029402694
55,0.9,higher_risk_less_available,-1.0,2.5642215001107616,89970,0.8997,9727,7977,0.8200884136938419
55,0.9,risk_independent,0.0,2.197224577337238,89979,0.89979,9727,8750,0.8995579315307906
55,0.9,higher_risk_more_available,1.0,2.5642215001107616,89970,0.8997,9727,9258,0.9517836948699496
56,0.5,higher_risk_less_available,-1.0,0.0,49843,0.49843,10057,3377,0.33578601968777966
56,0.5,risk_independent,0.0,0.0,49852,0.49852,10057,5075,0.5046236452222332
56,0.5,higher_risk_more_available,1.0,0.0,50041,0.50041,10057,6764,0.672566371681416
56,0.7,higher_risk_less_available,-1.0,1.0184006519909872,70017,0.70017,10057,5490,0.5458884359152829
56,0.7,risk_independent,0.0,0.8472978603867887,69983,0.69983,10057,7088,0.7047827383911703
56,0.7,higher_risk_more_available,1.0,1.0184006519909872,69883,0.69883,10057,8318,0.8270856120115343
56,0.9,higher_risk_less_available,-1.0,2.5642215001107616,89944,0.89944,10057,8223,0.8176394551058964
56,0.9,risk_independent,0.0,2.197224577337238,90005,0.90005,10057,9072,0.9020582678731232
56,0.9,higher_risk_more_available,1.0,2.5642215001107616,90093,0.90093,10057,9622,0.9567465446952371
57,0.5,higher_risk_less_available,-1.0,0.0,50231,0.50231,9951,3350,0.3366495829564868
57,0.5,risk_independent,0.0,0.0,50145,0.50145,9951,4990,0.5014571399859311
57,0.5,higher_risk_more_available,1.0,0.0,50103,0.50103,9951,6718,0.6751080293437846
57,0.7,higher_risk_less_available,-1.0,1.0184006519909872,70150,0.7015,9951,5412,0.5438649381971661
57,0.7,risk_independent,0.0,0.8472978603867887,70060,0.7006,9951,7015,0.7049542759521656
57,0.7,higher_risk_more_available,1.0,1.0184006519909872,69959,0.69959,9951,8289,0.8329816098884534
57,0.9,higher_risk_less_available,-1.0,2.5642215001107616,90110,0.9011,9951,8172,0.8212239975881821
57,0.9,risk_independent,0.0,2.197224577337238,90132,0.90132,9951,9034,0.9078484574414631
57,0.9,higher_risk_more_available,1.0,2.5642215001107616,90053,0.90053,9951,9542,0.9588986031554617
58,0.5,higher_risk_less_available,-1.0,0.0,50079,0.50079,9879,3249,0.3288794412389918
58,0.5,risk_independent,0.0,0.0,50011,0.50011,9879,4960,0.5020751088166818
58,0.5,higher_risk_more_available,1.0,0.0,49918,0.49918,9879,6629,0.6710193339406822
58,0.7,higher_risk_less_available,-1.0,1.0184006519909872,70167,0.70167,9879,5340,0.5405405405405406
58,0.7,risk_independent,0.0,0.8472978603867887,70035,0.70035,9879,6940,0.7025002530620508
58,0.7,higher_risk_more_available,1.0,1.0184006519909872,69870,0.6987,9879,8188,0.8288288288288288
58,0.9,higher_risk_less_available,-1.0,2.5642215001107616,90141,0.90141,9879,8080,0.8178965482336269
58,0.9,risk_independent,0.0,2.197224577337238,90025,0.90025,9879,8880,0.898876404494382
58,0.9,higher_risk_more_available,1.0,2.5642215001107616,90022,0.90022,9879,9423,0.9538414819313695
59,0.5,higher_risk_less_available,-1.0,0.0,49985,0.49985,9969,3348,0.3358411074330424
59,0.5,risk_independent,0.0,0.0,49832,0.49832,9969,4877,0.48921657137125085
59,0.5,higher_risk_more_available,1.0,0.0,50115,0.50115,9969,6549,0.6569365031597953
59,0.7,higher_risk_less_available,-1.0,1.0184006519909872,69991,0.69991,9969,5409,0.5425820042130605
59,0.7,risk_independent,0.0,0.8472978603867887,70102,0.70102,9969,6974,0.6995686628548501
59,0.7,higher_risk_more_available,1.0,1.0184006519909872,69969,0.69969,9969,8209,0.8234527033804795
59,0.9,higher_risk_less_available,-1.0,2.5642215001107616,90078,0.90078,9969,8161,0.8186377771090381
59,0.9,risk_independent,0.0,2.197224577337238,89879,0.89879,9969,8955,0.898284682515799
59,0.9,higher_risk_more_available,1.0,2.5642215001107616,89875,0.89875,9969,9468,0.9497442070418297
60,0.5,higher_risk_less_available,-1.0,0.0,49879,0.49879,10021,3346,0.3338988124937631
60,0.5,risk_independent,0.0,0.0,49960,0.4996,10021,5069,0.5058377407444367
60,0.5,higher_risk_more_available,1.0,0.0,49746,0.49746,10021,6709,0.6694940624688155
60,0.7,higher_risk_less_available,-1.0,1.0184006519909872,69690,0.6969,10021,5421,0.5409639756511326
60,0.7,risk_independent,0.0,0.8472978603867887,69817,0.69817,10021,7033,0.7018261650533879
60,0.7,higher_risk_more_available,1.0,1.0184006519909872,69641,0.69641,10021,8290,0.8272627482287197
60,0.9,higher_risk_less_available,-1.0,2.5642215001107616,89853,0.89853,10021,8192,0.8174832851012873
60,0.9,risk_independent,0.0,2.197224577337238,89829,0.89829,10021,9030,0.9011076738848418
60,0.9,higher_risk_more_available,1.0,2.5642215001107616,89862,0.89862,10021,9529,0.9509031034826864
61,0.5,higher_risk_less_available,-1.0,0.0,50075,0.50075,9999,3342,0.33423342334233425
61,0.5,risk_independent,0.0,0.0,50054,0.50054,9999,5006,0.5006500650065007
61,0.5,higher_risk_more_available,1.0,0.0,50067,0.50067,9999,6684,0.6684668466846685
61,0.7,higher_risk_less_available,-1.0,1.0184006519909872,70187,0.70187,9999,5431,0.5431543154315431
61,0.7,risk_independent,0.0,0.8472978603867887,70161,0.70161,9999,6974,0.6974697469746974
61,0.7,higher_risk_more_available,1.0,1.0184006519909872,70234,0.70234,9999,8296,0.8296829682968296
61,0.9,higher_risk_less_available,-1.0,2.5642215001107616,90052,0.90052,9999,8100,0.8100810081008101
61,0.9,risk_independent,0.0,2.197224577337238,90091,0.90091,9999,8987,0.8987898789878987
61,0.9,higher_risk_more_available,1.0,2.5642215001107616,90049,0.90049,9999,9531,0.9531953195319532
62,0.5,higher_risk_less_available,-1.0,0.0,50067,0.50067,10019,3376,0.3369597764247929
62,0.5,risk_independent,0.0,0.0,50037,0.50037,10019,5060,0.5050404231959278
62,0.5,higher_risk_more_available,1.0,0.0,50022,0.50022,10019,6701,0.6688292244735004
62,0.7,higher_risk_less_available,-1.0,1.0184006519909872,69886,0.69886,10019,5500,0.5489569817347041
62,0.7,risk_independent,0.0,0.8472978603867887,70165,0.70165,10019,7107,0.7093522307615531
62,0.7,higher_risk_more_available,1.0,1.0184006519909872,69984,0.69984,10019,8326,0.8310210599860266
62,0.9,higher_risk_less_available,-1.0,2.5642215001107616,89950,0.8995,10019,8233,0.8217386964766943
62,0.9,risk_independent,0.0,2.197224577337238,89873,0.89873,10019,9045,0.9027847090527997
62,0.9,higher_risk_more_available,1.0,2.5642215001107616,89916,0.89916,10019,9549,0.9530891306517617
63,0.5,higher_risk_less_available,-1.0,0.0,49922,0.49922,10145,3428,0.3379004435682602
63,0.5,risk_independent,0.0,0.0,49957,0.49957,10145,5181,0.5106949236076885
63,0.5,higher_risk_more_available,1.0,0.0,50008,0.50008,10145,6779,0.6682109413504189
63,0.7,higher_risk_less_available,-1.0,1.0184006519909872,70051,0.70051,10145,5625,0.5544603252833908
63,0.7,risk_independent,0.0,0.8472978603867887,70031,0.70031,10145,7149,0.7046821094135042
63,0.7,higher_risk_more_available,1.0,1.0184006519909872,69935,0.69935,10145,8443,0.8322326269098078
63,0.9,higher_risk_less_available,-1.0,2.5642215001107616,90061,0.90061,10145,8349,0.8229669788072942
63,0.9,risk_independent,0.0,2.197224577337238,90059,0.90059,10145,9171,0.9039921143420404
63,0.9,higher_risk_more_available,1.0,2.5642215001107616,90087,0.90087,10145,9690,0.9551503203548546
64,0.5,higher_risk_less_available,-1.0,0.0,50175,0.50175,9916,3286,0.3313836224283985
64,0.5,risk_independent,0.0,0.0,50298,0.50298,9916,4960,0.5002016942315449
64,0.5,higher_risk_more_available,1.0,0.0,50095,0.50095,9916,6527,0.6582291246470351
64,0.7,higher_risk_less_available,-1.0,1.0184006519909872,69986,0.69986,9916,5346,0.5391286809197257
64,0.7,risk_independent,0.0,0.8472978603867887,70029,0.70029,9916,6902,0.6960467930617185
64,0.7,higher_risk_more_available,1.0,1.0184006519909872,70134,0.70134,9916,8186,0.8255344897135942
64,0.9,higher_risk_less_available,-1.0,2.5642215001107616,90006,0.90006,9916,8058,0.8126260588947156
64,0.9,risk_independent,0.0,2.197224577337238,90091,0.90091,9916,8881,0.8956232351754739
64,0.9,higher_risk_more_available,1.0,2.5642215001107616,90154,0.90154,9916,9435,0.9514925373134329
65,0.5,higher_risk_less_available,-1.0,0.0,50036,0.50036,9914,3309,0.3337704256606819
65,0.5,risk_independent,0.0,0.0,49951,0.49951,9914,4970,0.5013112769820456
65,0.5,higher_risk_more_available,1.0,0.0,50071,0.50071,9914,6644,0.6701634052854549
65,0.7,higher_risk_less_available,-1.0,1.0184006519909872,70062,0.70062,9914,5311,0.5357070808957031
65,0.7,risk_independent,0.0,0.8472978603867887,69980,0.6998,9914,6897,0.6956828727052653
65,0.7,higher_risk_more_available,1.0,1.0184006519909872,70075,0.70075,9914,8260,0.8331652208997378
65,0.9,higher_risk_less_available,-1.0,2.5642215001107616,90021,0.90021,9914,8083,0.8153116804518862
65,0.9,risk_independent,0.0,2.197224577337238,90093,0.90093,9914,8932,0.9009481541254791
65,0.9,higher_risk_more_available,1.0,2.5642215001107616,89929,0.89929,9914,9451,0.9532983659471455
66,0.5,higher_risk_less_available,-1.0,0.0,50330,0.5033,9893,3312,0.3347821692105529
66,0.5,risk_independent,0.0,0.0,50218,0.50218,9893,4899,0.49519862529060954
66,0.5,higher_risk_more_available,1.0,0.0,50117,0.50117,9893,6575,0.6646113413524715
66,0.7,higher_risk_less_available,-1.0,1.0184006519909872,70272,0.70272,9893,5336,0.5393712726170019
66,0.7,risk_independent,0.0,0.8472978603867887,70320,0.7032,9893,6939,0.7014050338623269
66,0.7,higher_risk_more_available,1.0,1.0184006519909872,70146,0.70146,9893,8152,0.8240169817042353
66,0.9,higher_risk_less_available,-1.0,2.5642215001107616,90268,0.90268,9893,8149,0.8237137369857475
66,0.9,risk_independent,0.0,2.197224577337238,90113,0.90113,9893,8922,0.9018497927827757
66,0.9,higher_risk_more_available,1.0,2.5642215001107616,90072,0.90072,9893,9430,0.9531992317800465
67,0.5,higher_risk_less_available,-1.0,0.0,49872,0.49872,9748,3312,0.3397620024620435
67,0.5,risk_independent,0.0,0.0,49788,0.49788,9748,4862,0.4987689782519491
67,0.5,higher_risk_more_available,1.0,0.0,49778,0.49778,9748,6479,0.6646491588018055
67,0.7,higher_risk_less_available,-1.0,1.0184006519909872,70117,0.70117,9748,5320,0.5457529749692245
67,0.7,risk_independent,0.0,0.8472978603867887,69854,0.69854,9748,6864,0.7041444398851047
67,0.7,higher_risk_more_available,1.0,1.0184006519909872,69641,0.69641,9748,8048,0.8256052523594584
67,0.9,higher_risk_less_available,-1.0,2.5642215001107616,90158,0.90158,9748,8020,0.8227328682806729
67,0.9,risk_independent,0.0,2.197224577337238,90033,0.90033,9748,8777,0.9003898235535495
67,0.9,higher_risk_more_available,1.0,2.5642215001107616,90000,0.9,9748,9282,0.9521953221173574
68,0.5,higher_risk_less_available,-1.0,0.0,50059,0.50059,10022,3339,0.33316703252843743
68,0.5,risk_independent,0.0,0.0,50053,0.50053,10022,5063,0.505188585112752
68,0.5,higher_risk_more_available,1.0,0.0,50167,0.50167,10022,6719,0.6704250648573139
68,0.7,higher_risk_less_available,-1.0,1.0184006519909872,70053,0.70053,10022,5434,0.5422071442825783
68,0.7,risk_independent,0.0,0.8472978603867887,70066,0.70066,10022,7060,0.7044502095390142
68,0.7,higher_risk_more_available,1.0,1.0184006519909872,70084,0.70084,10022,8362,0.8343643983236879
68,0.9,higher_risk_less_available,-1.0,2.5642215001107616,90130,0.9013,10022,8248,0.8229894232688086
68,0.9,risk_independent,0.0,2.197224577337238,90135,0.90135,10022,9029,0.9009179804430253
68,0.9,higher_risk_more_available,1.0,2.5642215001107616,90086,0.90086,10022,9542,0.952105368189982
69,0.5,higher_risk_less_available,-1.0,0.0,50085,0.50085,10056,3326,0.3307478122513922
69,0.5,risk_independent,0.0,0.0,50066,0.50066,10056,4965,0.49373508353221957
69,0.5,higher_risk_more_available,1.0,0.0,49938,0.49938,10056,6604,0.656722354813047
69,0.7,higher_risk_less_available,-1.0,1.0184006519909872,69928,0.69928,10056,5415,0.5384844868735084
69,0.7,risk_independent,0.0,0.8472978603867887,69941,0.69941,10056,7011,0.6971957040572793
69,0.7,higher_risk_more_available,1.0,1.0184006519909872,69968,0.69968,10056,8266,0.8219968178202068
69,0.9,higher_risk_less_available,-1.0,2.5642215001107616,90037,0.90037,10056,8208,0.8162291169451074
69,0.9,risk_independent,0.0,2.197224577337238,89942,0.89942,10056,9024,0.8973747016706444
69,0.9,higher_risk_more_available,1.0,2.5642215001107616,90002,0.90002,10056,9591,0.9537589498806682
70,0.5,higher_risk_less_available,-1.0,0.0,50017,0.50017,9868,3271,0.33147547628698826
70,0.5,risk_independent,0.0,0.0,49939,0.49939,9868,4999,0.506586947709769
70,0.5,higher_risk_more_available,1.0,0.0,49910,0.4991,9868,6580,0.6668017835427645
70,0.7,higher_risk_less_available,-1.0,1.0184006519909872,70025,0.70025,9868,5317,0.5388123226591002
70,0.7,risk_independent,0.0,0.8472978603867887,69926,0.69926,9868,6866,0.6957843534657479
70,0.7,higher_risk_more_available,1.0,1.0184006519909872,69729,0.69729,9868,8186,0.8295500608025942
70,0.9,higher_risk_less_available,-1.0,2.5642215001107616,89978,0.89978,9868,8069,0.8176935549250102
70,0.9,risk_independent,0.0,2.197224577337238,89958,0.89958,9868,8867,0.8985610052695582
70,0.9,higher_risk_more_available,1.0,2.5642215001107616,89989,0.89989,9868,9367,0.9492298338062424
71,0.5,higher_risk_less_available,-1.0,0.0,50203,0.50203,9924,3358,0.33837162434502216
71,0.5,risk_independent,0.0,0.0,50311,0.50311,9924,5074,0.511285771866183
71,0.5,higher_risk_more_available,1.0,0.0,50282,0.50282,9924,6701,0.6752317613865377
71,0.7,higher_risk_less_available,-1.0,1.0184006519909872,70134,0.70134,9924,5434,0.5475614671503426
71,0.7,risk_independent,0.0,0.8472978603867887,70017,0.70017,9924,6997,0.7050584441757356
71,0.7,higher_risk_more_available,1.0,1.0184006519909872,70106,0.70106,9924,8256,0.8319226118500604
71,0.9,higher_risk_less_available,-1.0,2.5642215001107616,90062,0.90062,9924,8159,0.8221483272873841
71,0.9,risk_independent,0.0,2.197224577337238,90023,0.90023,9924,8976,0.9044740024183797
71,0.9,higher_risk_more_available,1.0,2.5642215001107616,89978,0.89978,9924,9465,0.9537484885126964
72,0.5,higher_risk_less_available,-1.0,0.0,49971,0.49971,10015,3380,0.33749375936095855
72,0.5,risk_independent,0.0,0.0,49741,0.49741,10015,4927,0.4919620569146281
72,0.5,higher_risk_more_available,1.0,0.0,49815,0.49815,10015,6654,0.6644033949076386
72,0.7,higher_risk_less_available,-1.0,1.0184006519909872,69986,0.69986,10015,5419,0.5410883674488267
72,0.7,risk_independent,0.0,0.8472978603867887,69894,0.69894,10015,6983,0.6972541188217674
72,0.7,higher_risk_more_available,1.0,1.0184006519909872,69821,0.69821,10015,8227,0.8214677983025461
72,0.9,higher_risk_less_available,-1.0,2.5642215001107616,89914,0.89914,10015,8159,0.8146779830254618
72,0.9,risk_independent,0.0,2.197224577337238,89950,0.8995,10015,8969,0.8955566650024963
72,0.9,higher_risk_more_available,1.0,2.5642215001107616,89865,0.89865,10015,9503,0.9488766849725412
73,0.5,higher_risk_less_available,-1.0,0.0,50272,0.50272,9975,3323,0.3331328320802005
73,0.5,risk_independent,0.0,0.0,50017,0.50017,9975,4994,0.5006516290726817
73,0.5,higher_risk_more_available,1.0,0.0,49873,0.49873,9975,6666,0.6682706766917293
73,0.7,higher_risk_less_available,-1.0,1.0184006519909872,70128,0.70128,9975,5425,0.543859649122807
73,0.7,risk_independent,0.0,0.8472978603867887,70207,0.70207,9975,6995,0.7012531328320802
73,0.7,higher_risk_more_available,1.0,1.0184006519909872,70130,0.7013,9975,8266,0.828671679197995
73,0.9,higher_risk_less_available,-1.0,2.5642215001107616,89829,0.89829,9975,8145,0.8165413533834587
73,0.9,risk_independent,0.0,2.197224577337238,89920,0.8992,9975,8988,0.9010526315789473
73,0.9,higher_risk_more_available,1.0,2.5642215001107616,89936,0.89936,9975,9514,0.9537844611528822
74,0.5,higher_risk_less_available,-1.0,0.0,50064,0.50064,9974,3443,0.3451975135351915
74,0.5,risk_independent,0.0,0.0,50100,0.501,9974,5021,0.5034088630439142
74,0.5,higher_risk_more_available,1.0,0.0,49990,0.4999,9974,6591,0.6608181271305394
74,0.7,higher_risk_less_available,-1.0,1.0184006519909872,69968,0.69968,9974,5477,0.549127732103469
74,0.7,risk_independent,0.0,0.8472978603867887,69933,0.69933,9974,6968,0.6986164026468819
74,0.7,higher_risk_more_available,1.0,1.0184006519909872,70070,0.7007,9974,8257,0.8278524162823341
74,0.9,higher_risk_less_available,-1.0,2.5642215001107616,89972,0.89972,9974,8160,0.8181271305394024
74,0.9,risk_independent,0.0,2.197224577337238,90030,0.9003,9974,8983,0.900641668337678
74,0.9,higher_risk_more_available,1.0,2.5642215001107616,89999,0.89999,9974,9481,0.9505714858632445
75,0.5,higher_risk_less_available,-1.0,0.0,50076,0.50076,10208,3463,0.33924373040752354
75,0.5,risk_independent,0.0,0.0,50129,0.50129,10208,5159,0.5053879310344828
75,0.5,higher_risk_more_available,1.0,0.0,49940,0.4994,10208,6802,0.6663401253918495
75,0.7,higher_risk_less_available,-1.0,1.0184006519909872,70175,0.70175,10208,5535,0.5422217868338558
75,0.7,risk_independent,0.0,0.8472978603867887,69989,0.69989,10208,7150,0.7004310344827587
75,0.7,higher_risk_more_available,1.0,1.0184006519909872,70144,0.70144,10208,8473,0.8300352664576802
75,0.9,higher_risk_less_available,-1.0,2.5642215001107616,90035,0.90035,10208,8312,0.8142633228840125
75,0.9,risk_independent,0.0,2.197224577337238,90020,0.9002,10208,9193,0.9005681818181818
75,0.9,higher_risk_more_available,1.0,2.5642215001107616,89851,0.89851,10208,9712,0.95141065830721
76,0.5,higher_risk_less_available,-1.0,0.0,49786,0.49786,9948,3294,0.3311218335343788
76,0.5,risk_independent,0.0,0.0,49787,0.49787,9948,4997,0.5023120225170888
76,0.5,higher_risk_more_available,1.0,0.0,49783,0.49783,9948,6608,0.6642541214314435
76,0.7,higher_risk_less_available,-1.0,1.0184006519909872,69998,0.69998,9948,5384,0.5412143144350623
76,0.7,risk_independent,0.0,0.8472978603867887,70028,0.70028,9948,6953,0.6989344591877764
76,0.7,higher_risk_more_available,1.0,1.0184006519909872,69835,0.69835,9948,8227,0.8270004020908726
76,0.9,higher_risk_less_available,-1.0,2.5642215001107616,90106,0.90106,9948,8146,0.8188580619219944
76,0.9,risk_independent,0.0,2.197224577337238,90083,0.90083,9948,8952,0.8998793727382388
76,0.9,higher_risk_more_available,1.0,2.5642215001107616,90109,0.90109,9948,9495,0.9544632086851629
77,0.5,higher_risk_less_available,-1.0,0.0,50184,0.50184,10073,3364,0.33396207683907475
77,0.5,risk_independent,0.0,0.0,50243,0.50243,10073,5067,0.5030278963565968
77,0.5,higher_risk_more_available,1.0,0.0,50102,0.50102,10073,6728,0.6679241536781495
77,0.7,higher_risk_less_available,-1.0,1.0184006519909872,70194,0.70194,10073,5435,0.5395612032165195
77,0.7,risk_independent,0.0,0.8472978603867887,70142,0.70142,10073,7101,0.7049538369899732
77,0.7,higher_risk_more_available,1.0,1.0184006519909872,70118,0.70118,10073,8365,0.8304378040305768
77,0.9,higher_risk_less_available,-1.0,2.5642215001107616,89924,0.89924,10073,8206,0.8146530328601211
77,0.9,risk_independent,0.0,2.197224577337238,89998,0.89998,10073,9044,0.8978457261987491
77,0.9,higher_risk_more_available,1.0,2.5642215001107616,90126,0.90126,10073,9618,0.954829742876998
78,0.5,higher_risk_less_available,-1.0,0.0,50010,0.5001,9852,3256,0.33049127080795776
78,0.5,risk_independent,0.0,0.0,49881,0.49881,9852,4890,0.49634591961023145
78,0.5,higher_risk_more_available,1.0,0.0,50129,0.50129,9852,6608,0.6707267559886317
78,0.7,higher_risk_less_available,-1.0,1.0184006519909872,70251,0.70251,9852,5348,0.5428339423467317
78,0.7,risk_independent,0.0,0.8472978603867887,70176,0.70176,9852,6918,0.7021924482338612
78,0.7,higher_risk_more_available,1.0,1.0184006519909872,70121,0.70121,9852,8184,0.830694275274056
78,0.9,higher_risk_less_available,-1.0,2.5642215001107616,90007,0.90007,9852,8081,0.820239545269996
78,0.9,risk_independent,0.0,2.197224577337238,90175,0.90175,9852,8900,0.903369874137231
78,0.9,higher_risk_more_available,1.0,2.5642215001107616,90109,0.90109,9852,9406,0.9547300040600893
79,0.5,higher_risk_less_available,-1.0,0.0,49620,0.4962,10095,3318,0.3286775631500743
79,0.5,risk_independent,0.0,0.0,49927,0.49927,10095,5056,0.5008420009905894
79,0.5,higher_risk_more_available,1.0,0.0,49975,0.49975,10095,6709,0.6645864289252105
79,0.7,higher_risk_less_available,-1.0,1.0184006519909872,69965,0.69965,10095,5511,0.5459138187221396
79,0.7,risk_independent,0.0,0.8472978603867887,70060,0.7006,10095,7079,0.7012382367508667
79,0.7,higher_risk_more_available,1.0,1.0184006519909872,70117,0.70117,10095,8362,0.8283308568598317
79,0.9,higher_risk_less_available,-1.0,2.5642215001107616,89923,0.89923,10095,8261,0.8183259039128281
79,0.9,risk_independent,0.0,2.197224577337238,89856,0.89856,10095,9085,0.8999504705299654
79,0.9,higher_risk_more_available,1.0,2.5642215001107616,90007,0.90007,10095,9600,0.950965824665676
80,0.5,higher_risk_less_available,-1.0,0.0,50037,0.50037,10026,3418,0.34091362457610214
80,0.5,risk_independent,0.0,0.0,49950,0.4995,10026,5049,0.5035906642728905
80,0.5,higher_risk_more_available,1.0,0.0,50055,0.50055,10026,6703,0.6685617394773589
80,0.7,higher_risk_less_available,-1.0,1.0184006519909872,69835,0.69835,10026,5426,0.5411928984639937
80,0.7,risk_independent,0.0,0.8472978603867887,70001,0.70001,10026,7020,0.7001795332136446
80,0.7,higher_risk_more_available,1.0,1.0184006519909872,69970,0.6997,10026,8331,0.8309395571514063
80,0.9,higher_risk_less_available,-1.0,2.5642215001107616,89940,0.8994,10026,8185,0.8163774187113505
80,0.9,risk_independent,0.0,2.197224577337238,89992,0.89992,10026,9049,0.9025533612607222
80,0.9,higher_risk_more_available,1.0,2.5642215001107616,90115,0.90115,10026,9571,0.9546179932176342
81,0.5,higher_risk_less_available,-1.0,0.0,50101,0.50101,10020,3388,0.33812375249501
81,0.5,risk_independent,0.0,0.0,50058,0.50058,10020,5009,0.4999001996007984
81,0.5,higher_risk_more_available,1.0,0.0,49972,0.49972,10020,6651,0.6637724550898204
81,0.7,higher_risk_less_available,-1.0,1.0184006519909872,69984,0.69984,10020,5447,0.5436127744510978
81,0.7,risk_independent,0.0,0.8472978603867887,69990,0.6999,10020,7077,0.7062874251497006
81,0.7,higher_risk_more_available,1.0,1.0184006519909872,69797,0.69797,10020,8299,0.8282435129740519
81,0.9,higher_risk_less_available,-1.0,2.5642215001107616,90025,0.90025,10020,8203,0.8186626746506986
81,0.9,risk_independent,0.0,2.197224577337238,89965,0.89965,10020,9040,0.9021956087824351
81,0.9,higher_risk_more_available,1.0,2.5642215001107616,89925,0.89925,10020,9535,0.9515968063872255
82,0.5,higher_risk_less_available,-1.0,0.0,49809,0.49809,9949,3310,0.33269675344255706
82,0.5,risk_independent,0.0,0.0,49916,0.49916,9949,4944,0.49693436526284046
82,0.5,higher_risk_more_available,1.0,0.0,49913,0.49913,9949,6561,0.6594632626394612
82,0.7,higher_risk_less_available,-1.0,1.0184006519909872,69952,0.69952,9949,5395,0.542265554327068
82,0.7,risk_independent,0.0,0.8472978603867887,69859,0.69859,9949,6946,0.6981606191577043
82,0.7,higher_risk_more_available,1.0,1.0184006519909872,69921,0.69921,9949,8217,0.8259121519750728
82,0.9,higher_risk_less_available,-1.0,2.5642215001107616,90025,0.90025,9949,8148,0.8189767815860891
82,0.9,risk_independent,0.0,2.197224577337238,89927,0.89927,9949,8944,0.8989848225952357
82,0.9,higher_risk_more_available,1.0,2.5642215001107616,89973,0.89973,9949,9466,0.9514524072771133
83,0.5,higher_risk_less_available,-1.0,0.0,50116,0.50116,9958,3394,0.3408314922675236
83,0.5,risk_independent,0.0,0.0,50064,0.50064,9958,5088,0.5109459730869652
83,0.5,higher_risk_more_available,1.0,0.0,49797,0.49797,9958,6634,0.6661980317332797
83,0.7,higher_risk_less_available,-1.0,1.0184006519909872,70230,0.7023,9958,5457,0.5480016067483431
83,0.7,risk_independent,0.0,0.8472978603867887,70079,0.70079,9958,6953,0.6982325768226552
83,0.7,higher_risk_more_available,1.0,1.0184006519909872,69947,0.69947,9958,8290,0.8324964852379996
83,0.9,higher_risk_less_available,-1.0,2.5642215001107616,90121,0.90121,9958,8163,0.8197429202651135
83,0.9,risk_independent,0.0,2.197224577337238,90006,0.90006,9958,8977,0.9014862422173127
83,0.9,higher_risk_more_available,1.0,2.5642215001107616,90074,0.90074,9958,9499,0.9539064069090178
84,0.5,higher_risk_less_available,-1.0,0.0,50317,0.50317,9915,3269,0.32970247100353
84,0.5,risk_independent,0.0,0.0,50293,0.50293,9915,4964,0.5006555723651034
84,0.5,higher_risk_more_available,1.0,0.0,50256,0.50256,9915,6620,0.6676752395360565
84,0.7,higher_risk_less_available,-1.0,1.0184006519909872,70173,0.70173,9915,5407,0.5453353504790721
84,0.7,risk_independent,0.0,0.8472978603867887,70340,0.7034,9915,6971,0.7030761472516389
84,0.7,higher_risk_more_available,1.0,1.0184006519909872,70205,0.70205,9915,8229,0.8299546142208775
84,0.9,higher_risk_less_available,-1.0,2.5642215001107616,89994,0.89994,9915,8117,0.8186585980837116
84,0.9,risk_independent,0.0,2.197224577337238,90046,0.90046,9915,8935,0.9011598587997983
84,0.9,higher_risk_more_available,1.0,2.5642215001107616,90012,0.90012,9915,9464,0.9545133635905194
85,0.5,higher_risk_less_available,-1.0,0.0,49943,0.49943,9995,3408,0.3409704852426213
85,0.5,risk_independent,0.0,0.0,49996,0.49996,9995,5014,0.5016508254127063
85,0.5,higher_risk_more_available,1.0,0.0,50062,0.50062,9995,6764,0.6767383691845923
85,0.7,higher_risk_less_available,-1.0,1.0184006519909872,70175,0.70175,9995,5425,0.5427713856928464
85,0.7,risk_independent,0.0,0.8472978603867887,70060,0.7006,9995,7061,0.7064532266133067
85,0.7,higher_risk_more_available,1.0,1.0184006519909872,70210,0.7021,9995,8389,0.839319659829915
85,0.9,higher_risk_less_available,-1.0,2.5642215001107616,90026,0.90026,9995,8189,0.8193096548274137
85,0.9,risk_independent,0.0,2.197224577337238,90070,0.9007,9995,9060,0.9064532266133066
85,0.9,higher_risk_more_available,1.0,2.5642215001107616,90048,0.90048,9995,9545,0.9549774887443722
86,0.5,higher_risk_less_available,-1.0,0.0,49958,0.49958,9930,3332,0.3355488418932528
86,0.5,risk_independent,0.0,0.0,50094,0.50094,9930,5009,0.5044310171198388
86,0.5,higher_risk_more_available,1.0,0.0,49907,0.49907,9930,6654,0.6700906344410876
86,0.7,higher_risk_less_available,-1.0,1.0184006519909872,69846,0.69846,9930,5352,0.5389728096676737
86,0.7,risk_independent,0.0,0.8472978603867887,69865,0.69865,9930,6934,0.6982880161127896
86,0.7,higher_risk_more_available,1.0,1.0184006519909872,69730,0.6973,9930,8227,0.8284994964753273
86,0.9,higher_risk_less_available,-1.0,2.5642215001107616,89874,0.89874,9930,8125,0.8182275931520645
86,0.9,risk_independent,0.0,2.197224577337238,89864,0.89864,9930,8955,0.9018126888217523
86,0.9,higher_risk_more_available,1.0,2.5642215001107616,89919,0.89919,9930,9449,0.9515609264853978
87,0.5,higher_risk_less_available,-1.0,0.0,50281,0.50281,10038,3338,0.33253636182506474
87,0.5,risk_independent,0.0,0.0,50093,0.50093,10038,4935,0.4916317991631799
87,0.5,higher_risk_more_available,1.0,0.0,50054,0.50054,10038,6604,0.6578999800757123
87,0.7,higher_risk_less_available,-1.0,1.0184006519909872,70261,0.70261,10038,5412,0.539151225343694
87,0.7,risk_independent,0.0,0.8472978603867887,70134,0.70134,10038,6983,0.6956565052799363
87,0.7,higher_risk_more_available,1.0,1.0184006519909872,70129,0.70129,10038,8293,0.8261605897589162
87,0.9,higher_risk_less_available,-1.0,2.5642215001107616,90127,0.90127,10038,8194,0.8162980673440925
87,0.9,risk_independent,0.0,2.197224577337238,90048,0.90048,10038,9034,0.8999800757122933
87,0.9,higher_risk_more_available,1.0,2.5642215001107616,89874,0.89874,10038,9575,0.953875273958956
88,0.5,higher_risk_less_available,-1.0,0.0,49823,0.49823,10135,3341,0.3296497286630488
88,0.5,risk_independent,0.0,0.0,49701,0.49701,10135,5010,0.4943265910212136
88,0.5,higher_risk_more_available,1.0,0.0,49713,0.49713,10135,6711,0.6621608288110508
88,0.7,higher_risk_less_available,-1.0,1.0184006519909872,69809,0.69809,10135,5394,0.5322150962012827
88,0.7,risk_independent,0.0,0.8472978603867887,69775,0.69775,10135,7040,0.6946225949679329
88,0.7,higher_risk_more_available,1.0,1.0184006519909872,69738,0.69738,10135,8374,0.826245683275777
88,0.9,higher_risk_less_available,-1.0,2.5642215001107616,90031,0.90031,10135,8259,0.8148988653182042
88,0.9,risk_independent,0.0,2.197224577337238,90045,0.90045,10135,9126,0.9004440059200789
88,0.9,higher_risk_more_available,1.0,2.5642215001107616,89968,0.89968,10135,9656,0.9527380365071534
89,0.5,higher_risk_less_available,-1.0,0.0,50227,0.50227,9946,3439,0.34576714256987734
89,0.5,risk_independent,0.0,0.0,50110,0.5011,9946,5110,0.5137743816609692
89,0.5,higher_risk_more_available,1.0,0.0,49911,0.49911,9946,6714,0.6750452443193243
89,0.7,higher_risk_less_available,-1.0,1.0184006519909872,70110,0.7011,9946,5488,0.5517796098934244
89,0.7,risk_independent,0.0,0.8472978603867887,69995,0.69995,9946,7032,0.7070178966418661
89,0.7,higher_risk_more_available,1.0,1.0184006519909872,69981,0.69981,9946,8300,0.8345063342047054
89,0.9,higher_risk_less_available,-1.0,2.5642215001107616,89918,0.89918,9946,8164,0.820832495475568
89,0.9,risk_independent,0.0,2.197224577337238,89977,0.89977,9946,8964,0.9012668409410819
89,0.9,higher_risk_more_available,1.0,2.5642215001107616,89945,0.89945,9946,9489,0.9540518801528253
90,0.5,higher_risk_less_available,-1.0,0.0,49934,0.49934,10151,3356,0.330607821889469
90,0.5,risk_independent,0.0,0.0,49924,0.49924,10151,5032,0.49571470791055067
90,0.5,higher_risk_more_available,1.0,0.0,50179,0.50179,10151,6807,0.6705743276524481
90,0.7,higher_risk_less_available,-1.0,1.0184006519909872,70010,0.7001,10151,5456,0.5374839917249532
90,0.7,risk_independent,0.0,0.8472978603867887,70081,0.70081,10151,7114,0.7008176534331593
90,0.7,higher_risk_more_available,1.0,1.0184006519909872,70119,0.70119,10151,8475,0.8348931139789183
90,0.9,higher_risk_less_available,-1.0,2.5642215001107616,89931,0.89931,10151,8264,0.8141069845335435
90,0.9,risk_independent,0.0,2.197224577337238,90150,0.9015,10151,9194,0.905723574032115
90,0.9,higher_risk_more_available,1.0,2.5642215001107616,90061,0.90061,10151,9708,0.9563589794108954
91,0.5,higher_risk_less_available,-1.0,0.0,50041,0.50041,9997,3336,0.3337001100330099
91,0.5,risk_independent,0.0,0.0,50165,0.50165,9997,5061,0.5062518755626688
91,0.5,higher_risk_more_available,1.0,0.0,49989,0.49989,9997,6684,0.6686005801740522
91,0.7,higher_risk_less_available,-1.0,1.0184006519909872,70012,0.70012,9997,5457,0.5458637591277383
91,0.7,risk_independent,0.0,0.8472978603867887,70017,0.70017,9997,7033,0.7035110533159948
91,0.7,higher_risk_more_available,1.0,1.0184006519909872,69966,0.69966,9997,8263,0.8265479643893168
91,0.9,higher_risk_less_available,-1.0,2.5642215001107616,90078,0.90078,9997,8228,0.8230469140742223
91,0.9,risk_independent,0.0,2.197224577337238,89939,0.89939,9997,8947,0.8949684905471641
91,0.9,higher_risk_more_available,1.0,2.5642215001107616,89883,0.89883,9997,9480,0.9482844853456037
92,0.5,higher_risk_less_available,-1.0,0.0,49888,0.49888,9962,3388,0.3400923509335475
92,0.5,risk_independent,0.0,0.0,50020,0.5002,9962,5056,0.5075286087131098
92,0.5,higher_risk_more_available,1.0,0.0,49875,0.49875,9962,6667,0.6692431238707087
92,0.7,higher_risk_less_available,-1.0,1.0184006519909872,69808,0.69808,9962,5456,0.5476811885163622
92,0.7,risk_independent,0.0,0.8472978603867887,70108,0.70108,9962,7041,0.7067857859867497
92,0.7,higher_risk_more_available,1.0,1.0184006519909872,70159,0.70159,9962,8306,0.8337683196145352
92,0.9,higher_risk_less_available,-1.0,2.5642215001107616,89969,0.89969,9962,8184,0.8215217827745432
92,0.9,risk_independent,0.0,2.197224577337238,89946,0.89946,9962,8994,0.9028307568761292
92,0.9,higher_risk_more_available,1.0,2.5642215001107616,90113,0.90113,9962,9519,0.955531017867898
93,0.5,higher_risk_less_available,-1.0,0.0,50010,0.5001,10025,3391,0.33825436408977555
93,0.5,risk_independent,0.0,0.0,50087,0.50087,10025,5055,0.5042394014962593
93,0.5,higher_risk_more_available,1.0,0.0,50038,0.50038,10025,6684,0.6667331670822942
93,0.7,higher_risk_less_available,-1.0,1.0184006519909872,70045,0.70045,10025,5514,0.5500249376558604
93,0.7,risk_independent,0.0,0.8472978603867887,70151,0.70151,10025,7028,0.7010473815461347
93,0.7,higher_risk_more_available,1.0,1.0184006519909872,70078,0.70078,10025,8270,0.8249376558603492
93,0.9,higher_risk_less_available,-1.0,2.5642215001107616,89911,0.89911,10025,8199,0.81785536159601
93,0.9,risk_independent,0.0,2.197224577337238,90010,0.9001,10025,9020,0.8997506234413966
93,0.9,higher_risk_more_available,1.0,2.5642215001107616,89965,0.89965,10025,9522,0.9498254364089775
94,0.5,higher_risk_less_available,-1.0,0.0,49809,0.49809,9857,3250,0.329714923404687
94,0.5,risk_independent,0.0,0.0,49788,0.49788,9857,4889,0.49599269554631226
94,0.5,higher_risk_more_available,1.0,0.0,49869,0.49869,9857,6498,0.659226945318048
94,0.7,higher_risk_less_available,-1.0,1.0184006519909872,69812,0.69812,9857,5253,0.5329207669676372
94,0.7,risk_independent,0.0,0.8472978603867887,69896,0.69896,9857,6845,0.6944303540631024
94,0.7,higher_risk_more_available,1.0,1.0184006519909872,69949,0.69949,9857,8160,0.8278380846099219
94,0.9,higher_risk_less_available,-1.0,2.5642215001107616,90031,0.90031,9857,8043,0.8159683473673531
94,0.9,risk_independent,0.0,2.197224577337238,89957,0.89957,9857,8878,0.900679719995942
94,0.9,higher_risk_more_available,1.0,2.5642215001107616,90047,0.90047,9857,9386,0.9522166987927361
95,0.5,higher_risk_less_available,-1.0,0.0,49948,0.49948,10154,3375,0.3323813275556431
95,0.5,risk_independent,0.0,0.0,49892,0.49892,10154,5008,0.49320464841441797
95,0.5,higher_risk_more_available,1.0,0.0,50045,0.50045,10154,6680,0.6578688201693914
95,0.7,higher_risk_less_available,-1.0,1.0184006519909872,69976,0.69976,10154,5529,0.544514477053378
95,0.7,risk_independent,0.0,0.8472978603867887,70005,0.70005,10154,7092,0.698443962970258
95,0.7,higher_risk_more_available,1.0,1.0184006519909872,70079,0.70079,10154,8427,0.8299192436478235
95,0.9,higher_risk_less_available,-1.0,2.5642215001107616,89848,0.89848,10154,8311,0.8184951743155406
95,0.9,risk_independent,0.0,2.197224577337238,89974,0.89974,10154,9161,0.9022060271814063
95,0.9,higher_risk_more_available,1.0,2.5642215001107616,90016,0.90016,10154,9673,0.9526295056135513
96,0.5,higher_risk_less_available,-1.0,0.0,50148,0.50148,10104,3348,0.331353919239905
96,0.5,risk_independent,0.0,0.0,50067,0.50067,10104,5052,0.5
96,0.5,higher_risk_more_available,1.0,0.0,49886,0.49886,10104,6725,0.6655779889152811
96,0.7,higher_risk_less_available,-1.0,1.0184006519909872,70020,0.7002,10104,5476,0.5419635787806809
96,0.7,risk_independent,0.0,0.8472978603867887,69996,0.69996,10104,7056,0.6983372921615202
96,0.7,higher_risk_more_available,1.0,1.0184006519909872,70071,0.70071,10104,8382,0.8295724465558195
96,0.9,higher_risk_less_available,-1.0,2.5642215001107616,90131,0.90131,10104,8285,0.819972288202692
96,0.9,risk_independent,0.0,2.197224577337238,90152,0.90152,10104,9101,0.9007323832145685
96,0.9,higher_risk_more_available,1.0,2.5642215001107616,90030,0.9003,10104,9621,0.9521971496437055
97,0.5,higher_risk_less_available,-1.0,0.0,50299,0.50299,9886,3240,0.3277361925955897
97,0.5,risk_independent,0.0,0.0,50188,0.50188,9886,4934,0.4990896216872345
97,0.5,higher_risk_more_available,1.0,0.0,49987,0.49987,9886,6596,0.6672061501112685
97,0.7,higher_risk_less_available,-1.0,1.0184006519909872,69962,0.69962,9886,5281,0.5341897633016387
97,0.7,risk_independent,0.0,0.8472978603867887,70194,0.70194,9886,6885,0.6964394092656282
97,0.7,higher_risk_more_available,1.0,1.0184006519909872,70065,0.70065,9886,8147,0.8240946793445276
97,0.9,higher_risk_less_available,-1.0,2.5642215001107616,90050,0.9005,9886,8035,0.81276552700789
97,0.9,risk_independent,0.0,2.197224577337238,89980,0.8998,9886,8879,0.8981387821161239
97,0.9,higher_risk_more_available,1.0,2.5642215001107616,90007,0.90007,9886,9373,0.948108436172365
98,0.5,higher_risk_less_available,-1.0,0.0,49953,0.49953,10045,3323,0.33081134892981584
98,0.5,risk_independent,0.0,0.0,50093,0.50093,10045,5015,0.4992533598805376
98,0.5,higher_risk_more_available,1.0,0.0,50262,0.50262,10045,6704,0.6673967147834744
98,0.7,higher_risk_less_available,-1.0,1.0184006519909872,70073,0.70073,10045,5383,0.5358885017421603
98,0.7,risk_independent,0.0,0.8472978603867887,70215,0.70215,10045,7050,0.701841712294674
98,0.7,higher_risk_more_available,1.0,1.0184006519909872,70187,0.70187,10045,8288,0.8250871080139373
98,0.9,higher_risk_less_available,-1.0,2.5642215001107616,90050,0.9005,10045,8191,0.81543056246889
98,0.9,risk_independent,0.0,2.197224577337238,90082,0.90082,10045,8994,0.895370831259333
98,0.9,higher_risk_more_available,1.0,2.5642215001107616,90000,0.9,10045,9519,0.9476356396217024
99,0.5,higher_risk_less_available,-1.0,0.0,50089,0.50089,9897,3366,0.3401030615337981
99,0.5,risk_independent,0.0,0.0,50031,0.50031,9897,4989,0.5040921491361019
99,0.5,higher_risk_more_available,1.0,0.0,50077,0.50077,9897,6631,0.6700010104071941
99,0.7,higher_risk_less_available,-1.0,1.0184006519909872,70097,0.70097,9897,5385,0.544104274022431
99,0.7,risk_independent,0.0,0.8472978603867887,70177,0.70177,9897,6966,0.703849651409518
99,0.7,higher_risk_more_available,1.0,1.0184006519909872,70273,0.70273,9897,8237,0.8322724057795291
99,0.9,higher_risk_less_available,-1.0,2.5642215001107616,90166,0.90166,9897,8088,0.8172173385874507
99,0.9,risk_independent,0.0,2.197224577337238,90112,0.90112,9897,8914,0.9006769728200464
99,0.9,higher_risk_more_available,1.0,2.5642215001107616,90069,0.90069,9897,9437,0.9535212690714358
100,0.5,higher_risk_less_available,-1.0,0.0,50102,0.50102,9874,3267,0.3308689487543042
100,0.5,risk_independent,0.0,0.0,49900,0.499,9874,4907,0.4969617176422929
100,0.5,higher_risk_more_available,1.0,0.0,50157,0.50157,9874,6577,0.6660927688879886
100,0.7,higher_risk_less_available,-1.0,1.0184006519909872,70058,0.70058,9874,5359,0.54273850516508
100,0.7,risk_independent,0.0,0.8472978603867887,70162,0.70162,9874,6904,0.6992100465869961
100,0.7,higher_risk_more_available,1.0,1.0184006519909872,70006,0.70006,9874,8171,0.8275268381608264
100,0.9,higher_risk_less_available,-1.0,2.5642215001107616,89976,0.89976,9874,8061,0.8163864695159003
100,0.9,risk_independent,0.0,2.197224577337238,90021,0.90021,9874,8887,0.9000405104314361
100,0.9,higher_risk_more_available,1.0,2.5642215001107616,90067,0.90067,9874,9381,0.9500708932550131