feature,cdc_2022_field,cdc_2023_field,timing_class,booking_strict,pregnancy_oracle,oracle_incremental,reliable_timestamp,availability_basis,general_exclusion_reason,in_booking_preterm,in_oracle_preterm,excluded_preterm,exclusion_reason_preterm,in_booking_nicu,in_oracle_nicu,excluded_nicu,exclusion_reason_nicu,in_booking_lbw,in_oracle_lbw,excluded_lbw,exclusion_reason_lbw
birth_year,birth_year,birth_year,study_design,0,0,0,not_applicable,Defines temporal train/test year.,Excluded to avoid encoding the 2022/2023 split as a predictor.,0,0,1,Excluded to avoid encoding the 2022/2023 split as a predictor.,0,0,1,Excluded to avoid encoding the 2022/2023 split as a predictor.,0,0,1,Excluded to avoid encoding the 2022/2023 split as a predictor.
birth_month,birth_month,birth_month,post_booking_timing,0,0,0,no,Actual month of birth is known only at delivery.,Actual delivery timing is unavailable at booking.,0,0,1,Actual delivery timing is unavailable at booking.,0,0,1,Actual delivery timing is unavailable at booking.,0,0,1,Actual delivery timing is unavailable at booking.
residence_status,residence_status,residence_status,cohort_definition,0,0,0,yes,Used to define U.S.-resident population.,"Population filter, not a model feature.",0,0,1,"Population filter, not a model feature.",0,0,1,"Population filter, not a model feature.",0,0,1,"Population filter, not a model feature."
mother_age,mother_age,mother_age,booking_strict,1,1,0,yes,Maternal age is known at booking.,,1,1,0,,1,1,0,,1,1,0,
mother_race,mother_race,mother_race,booking_strict,1,1,0,yes,Maternal race is a pre-existing characteristic known at booking.,,1,1,0,,1,1,0,,1,1,0,
marital_status,marital_status,marital_status,booking_strict,1,1,0,yes,Current marital status can be recorded at booking.,,1,1,0,,1,1,0,,1,1,0,
mother_educ,mother_educ,mother_educ,booking_strict,1,1,0,yes,Maternal education can be recorded at booking.,,1,1,0,,1,1,0,,1,1,0,
wic_benefits,wic_benefits,wic_benefits,informative_observation,0,0,0,no,WIC receipt is reported for pregnancy without a reliable booking timestamp.,Potential healthcare-access/informative-observation variable; excluded from both sets.,0,0,1,Potential healthcare-access/informative-observation variable; excluded from both sets.,0,0,1,Potential healthcare-access/informative-observation variable; excluded from both sets.,0,0,1,Potential healthcare-access/informative-observation variable; excluded from both sets.
mother_height_inches,mother_height_inches,mother_height_inches,booking_strict,1,1,0,yes,Maternal height can be measured at the first visit.,,1,1,0,,1,1,0,,1,1,0,
mother_bmi,mother_bmi,mother_bmi,booking_strict,1,1,0,yes,Pre-pregnancy BMI is available from history or first-visit assessment.,,1,1,0,,1,1,0,,1,1,0,
mother_weight_pre,mother_weight_pre,mother_weight_pre,booking_strict,1,1,0,yes,Pre-pregnancy weight is available from history at booking.,,1,1,0,,1,1,0,,1,1,0,
weight_gain,weight_gain,weight_gain,cumulative_pregnancy_measure,0,0,0,no,Final pregnancy weight gain is only known retrospectively.,Cumulative post-booking measure; excluded even from the complication oracle.,0,0,1,Cumulative post-booking measure; excluded even from the complication oracle.,0,0,1,Cumulative post-booking measure; excluded even from the complication oracle.,0,0,1,Cumulative post-booking measure; excluded even from the complication oracle.
prior_live_births,prior_live_births,prior_live_births,booking_strict,1,1,0,yes,Prior obstetric history is available at booking.,,1,1,0,,1,1,0,,1,1,0,
prior_dead_births,prior_dead_births,prior_dead_births,booking_strict,1,1,0,yes,Prior obstetric history is available at booking.,,1,1,0,,1,1,0,,1,1,0,
prior_terminations,prior_terminations,prior_terminations,booking_strict,1,1,0,yes,Prior obstetric history is available at booking.,,1,1,0,,1,1,0,,1,1,0,
prenatal_care_month,prenatal_care_month,prenatal_care_month,care_entry_definition,0,0,0,retrospective,Defines when the system could first observe the pregnancy.,Defines early/full/no-care/unknown-care cohorts and must not be used as a predictor.,0,0,1,Defines early/full/no-care/unknown-care cohorts and must not be used as a predictor.,0,0,1,Defines early/full/no-care/unknown-care cohorts and must not be used as a predictor.,0,0,1,Defines early/full/no-care/unknown-care cohorts and must not be used as a predictor.
prenatal_visits,prenatal_visits,prenatal_visits,informative_observation,0,0,0,no,Total number of prenatal visits is only known after pregnancy.,Cumulative care-utilization variable and direct informative-observation pathway.,0,0,1,Cumulative care-utilization variable and direct informative-observation pathway.,0,0,1,Cumulative care-utilization variable and direct informative-observation pathway.,0,0,1,Cumulative care-utilization variable and direct informative-observation pathway.
cigarettes_1_tri,cigarettes_1_tri,cigarettes_1_tri,pregnancy_exposure_unselected,0,0,0,no,First-trimester smoking is reported retrospectively without timing relative to booking.,Not guaranteed at the first visit and not a pregnancy complication; excluded from the strict complication-only oracle.,0,0,1,Not guaranteed at the first visit and not a pregnancy complication; excluded from the strict complication-only oracle.,0,0,1,Not guaranteed at the first visit and not a pregnancy complication; excluded from the strict complication-only oracle.,0,0,1,Not guaranteed at the first visit and not a pregnancy complication; excluded from the strict complication-only oracle.
diab_pre,diab_pre,diab_pre,booking_strict,1,1,0,yes,Pre-pregnancy diabetes is part of baseline medical history.,,1,1,0,,1,1,0,,1,1,0,
diab_gest,diab_gest,diab_gest,pregnancy_oracle_increment,0,1,1,no,Gestational diabetes is a pregnancy complication with no reliable diagnosis timestamp in the birth record.,,0,1,0,,0,1,0,,0,1,0,
hyper_pre,hyper_pre,hyper_pre,booking_strict,1,1,0,yes,Pre-pregnancy hypertension is part of baseline medical history.,,1,1,0,,1,1,0,,1,1,0,
hyper_gest,hyper_gest,hyper_gest,pregnancy_oracle_increment,0,1,1,no,Gestational hypertension is a pregnancy complication with no reliable diagnosis timestamp in the birth record.,,0,1,0,,0,1,0,,0,1,0,
eclampsia,eclampsia,eclampsia,pregnancy_oracle_increment,0,1,1,no,Eclampsia is a pregnancy complication with no reliable onset timestamp in the birth record.,,0,1,0,,0,1,0,,0,1,0,
delivery_method,delivery_method,delivery_method,post_outcome,0,0,0,no,Delivery outcome observed at birth.,Post-delivery or direct outcome information.,0,0,1,Observed at delivery or after birth; unavailable at the prediction landmark.,0,0,1,Observed at delivery or after birth; unavailable at the prediction landmark.,0,0,1,Observed at delivery or after birth; unavailable at the prediction landmark.
delivery_method_binary,delivery_method_binary,delivery_method_binary,post_outcome,0,0,0,no,Delivery outcome observed at birth.,Post-delivery or direct outcome information.,0,0,1,Observed at delivery or after birth; unavailable at the prediction landmark.,0,0,1,Observed at delivery or after birth; unavailable at the prediction landmark.,0,0,1,Observed at delivery or after birth; unavailable at the prediction landmark.
plurality,plurality,plurality,cohort_definition,0,0,0,no,Used to restrict the primary analysis to singleton births.,Primary cohort filter; plurality is not guaranteed at first booking.,0,0,1,Primary cohort filter; plurality is not guaranteed at first booking.,0,0,1,Primary cohort filter; plurality is not guaranteed at first booking.,0,0,1,Primary cohort filter; plurality is not guaranteed at first booking.
child_sex,child_sex,child_sex,pregnancy_information_unselected,0,0,0,no,"May become known during pregnancy, but not necessarily by booking.",Not a booking feature and not part of the complication-only oracle increment.,0,0,1,Not a booking feature and not part of the complication-only oracle increment.,0,0,1,Not a booking feature and not part of the complication-only oracle increment.,0,0,1,Not a booking feature and not part of the complication-only oracle increment.
gestation_combined_weeks,gestation_combined_weeks,gestation_combined_weeks,post_outcome,0,0,0,no,Final gestational duration observed at birth.,Post-delivery or direct outcome information.,0,0,1,Observed at delivery or after birth; unavailable at the prediction landmark.,0,0,1,Observed at delivery or after birth; unavailable at the prediction landmark.,0,0,1,Observed at delivery or after birth; unavailable at the prediction landmark.
gestation_oe_weeks,gestation_oe_weeks,gestation_oe_weeks,post_outcome,0,0,0,no,Final OE gestational duration and source of the preterm label.,Post-delivery or direct outcome information.,0,0,1,Direct source or deterministic recode of target_preterm.,0,0,1,Observed at delivery or after birth; unavailable at the prediction landmark.,0,0,1,Observed at delivery or after birth; unavailable at the prediction landmark.
gestation_oe_recode3,gestation_oe_recode3,gestation_oe_recode3,post_outcome,0,0,0,no,Direct recode of the final preterm label.,Post-delivery or direct outcome information.,0,0,1,Direct source or deterministic recode of target_preterm.,0,0,1,Observed at delivery or after birth; unavailable at the prediction landmark.,0,0,1,Observed at delivery or after birth; unavailable at the prediction landmark.
birth_weight_g,birth_weight_g,birth_weight_g,post_outcome,0,0,0,no,Birth weight is observed only after delivery and is the LBW label source.,Post-delivery or direct outcome information.,0,0,1,Observed at delivery or after birth; unavailable at the prediction landmark.,0,0,1,Observed at delivery or after birth; unavailable at the prediction landmark.,0,0,1,Direct source or deterministic recode of target_lbw.
an_vent,an_vent,an_vent,post_outcome,0,0,0,no,Newborn intervention/outcome observed after birth.,Post-delivery or direct outcome information.,0,0,1,Observed at delivery or after birth; unavailable at the prediction landmark.,0,0,1,Observed at delivery or after birth; unavailable at the prediction landmark.,0,0,1,Observed at delivery or after birth; unavailable at the prediction landmark.
admit_nicu,admit_nicu,admit_nicu,post_outcome,0,0,0,no,Newborn outcome and direct source of the NICU label.,Post-delivery or direct outcome information.,0,0,1,Observed at delivery or after birth; unavailable at the prediction landmark.,0,0,1,Direct source or deterministic recode of target_nicu.,0,0,1,Observed at delivery or after birth; unavailable at the prediction landmark.
an_seiz,an_seiz,an_seiz,post_outcome,0,0,0,no,Newborn morbidity observed after birth.,Post-delivery or direct outcome information.,0,0,1,Observed at delivery or after birth; unavailable at the prediction landmark.,0,0,1,Observed at delivery or after birth; unavailable at the prediction landmark.,0,0,1,Observed at delivery or after birth; unavailable at the prediction landmark.
is_us_resident,is_us_resident,is_us_resident,cohort_definition,0,0,0,yes,Derived from residence_status.,"Derived population filter, not a model feature.",0,0,1,"Derived population filter, not a model feature.",0,0,1,"Derived population filter, not a model feature.",0,0,1,"Derived population filter, not a model feature."
is_singleton,is_singleton,is_singleton,cohort_definition,0,0,0,no,Derived from plurality.,"Derived primary-cohort filter, not a model feature.",0,0,1,"Derived primary-cohort filter, not a model feature.",0,0,1,"Derived primary-cohort filter, not a model feature.",0,0,1,"Derived primary-cohort filter, not a model feature."
target_preterm,target_preterm,target_preterm,target,0,0,0,not_applicable,Derived outcome label.,Target labels are never predictors.,0,0,1,Direct source or deterministic recode of target_preterm.,0,0,1,Outcome label; never used as a feature.,0,0,1,Outcome label; never used as a feature.
target_nicu,target_nicu,target_nicu,target,0,0,0,not_applicable,Derived outcome label.,Target labels are never predictors.,0,0,1,Outcome label; never used as a feature.,0,0,1,Direct source or deterministic recode of target_nicu.,0,0,1,Outcome label; never used as a feature.
target_lbw,target_lbw,target_lbw,target,0,0,0,not_applicable,Derived outcome label.,Target labels are never predictors.,0,0,1,Outcome label; never used as a feature.,0,0,1,Outcome label; never used as a feature.,0,0,1,Direct source or deterministic recode of target_lbw.
target_gdm,target_gdm,target_gdm,target,0,0,0,not_applicable,Derived outcome label.,Target labels are never predictors.,0,0,1,Outcome label; never used as a feature.,0,0,1,Outcome label; never used as a feature.,0,0,1,Outcome label; never used as a feature.
