availability_target_fraction,availability_relation,model_quality,nominal_fraction,replicates,mean_c00_capture,q025_c00_capture,q975_c00_capture,mean_c10_capture,q025_c10_capture,q975_c10_capture,mean_c01_capture,q025_c01_capture,q975_c01_capture,mean_c11_capture,q025_c11_capture,q975_c11_capture,mean_naive_top_fraction_effect,q025_naive_top_fraction_effect,q975_naive_top_fraction_effect,mean_availability_effect_at_all_budget,q025_availability_effect_at_all_budget,q975_availability_effect_at_all_budget,mean_shapley_availability_effect,q025_shapley_availability_effect,q975_shapley_availability_effect,mean_shapley_capacity_effect,q025_shapley_capacity_effect,q975_shapley_capacity_effect,mean_interaction_effect,q025_interaction_effect,q975_interaction_effect,mean_total_four_cell_effect,q025_total_four_cell_effect,q975_total_four_cell_effect,mean_distortion_top_fraction_minus_fixed_budget,q025_distortion_top_fraction_minus_fixed_budget,q975_distortion_top_fraction_minus_fixed_budget,sign_reversal,fixed_budget_interval_below_zero,fixed_budget_interval_above_zero,interaction_abs_mean,interaction_abs_q975,relation_short,row_label,quality_q
0.5,higher_risk_less_available,good,0.05,100,0.055060847108826215,0.051247951037717634,0.05847560542028828,0.09777017662715227,0.09358613389775136,0.10235150447812716,0.09171828801624886,0.08705299963373307,0.09695236699617489,0.16866877619006723,0.16232312834530926,0.1740960413453089,0.11360792908124093,0.10749313371553587,0.11965221156089412,0.07695048817381829,0.06947734642543381,0.08352702252664464,0.05982990884607216,0.053880957420445914,0.06584202471746763,0.05377802023516873,0.051516396829309745,0.056365603903354065,0.034241158655492245,0.027267673372856547,0.04041326734687095,0.11360792908124093,0.10749313371553587,0.11965221156089412,0.0,0.0,0.0,False,False,True,0.034241158655492245,0.04041326734687095,risk ↓ availability,50% / risk ↓ availability,Good / 5%
0.5,higher_risk_less_available,good,0.1,100,0.0917664383319419,0.08705760913041499,0.0970019600807961,0.1687566311908682,0.16299305452195065,0.17407024756327094,0.1474016420707176,0.1423983701538807,0.1547411638809672,0.2828502846684124,0.2755372548296208,0.2903125701917846,0.1910838463364704,0.1837298364921813,0.19862240172850373,0.1354486425976947,0.12592852981786226,0.14404790062547823,0.1062194177283105,0.09884922855036266,0.11331160820028408,0.08486442860815989,0.0814636565385929,0.08868066159981282,0.05845844973876838,0.0512669848672591,0.06514218161588493,0.1910838463364704,0.1837298364921813,0.19862240172850373,0.0,0.0,0.0,False,False,True,0.05845844973876838,0.06514218161588493,risk ↓ availability,50% / risk ↓ availability,Good / 10%
0.5,higher_risk_less_available,good,0.2,100,0.1474720211988088,0.14246378188067815,0.15484862432190258,0.282974261766519,0.27524115249826137,0.291356325500598,0.22569068345941798,0.21744657691914998,0.2347626033956548,0.4560997646332183,0.4460233799441976,0.46724853258142796,0.3086277434344095,0.2995850523218662,0.3204201646574624,0.23040908117380032,0.21902361126654518,0.24449009890937828,0.1829556608707553,0.1736552697398327,0.1934275890975413,0.1256720825636542,0.12168027072585977,0.12958500347580643,0.09490684060609013,0.08739142922208865,0.10228259596176736,0.3086277434344095,0.2995850523218662,0.3204201646574624,0.0,0.0,0.0,False,False,True,0.09490684060609013,0.10228259596176736,risk ↓ availability,50% / risk ↓ availability,Good / 20%
0.5,higher_risk_less_available,medium,0.05,100,0.04318636321716452,0.0397417106407921,0.04637107368725515,0.07639621052733737,0.07281917318632825,0.07969904392325854,0.074912431597647,0.07089490144747793,0.07980752215424286,0.13550239683604043,0.13033514518531167,0.14011890409495734,0.09231603361887583,0.08767899390815753,0.09723900386116092,0.06058996523839335,0.05429844051242296,0.06638386512666729,0.04689990627428307,0.04240332755991839,0.0519125692382079,0.045416127344592716,0.04328507878077052,0.04798291245268737,0.027380117928220527,0.021820995595015397,0.03227499987421785,0.09231603361887583,0.08767899390815753,0.09723900386116092,0.0,0.0,0.0,False,False,True,0.027380117928220527,0.03227499987421785,risk ↓ availability,50% / risk ↓ availability,Medium / 5%
0.5,higher_risk_less_available,medium,0.1,100,0.07494879330717835,0.0708579656796293,0.07980752215424286,0.13553188637718055,0.13019300898879144,0.14019754015946967,0.12601549069361123,0.12094074491251275,0.13186574871129367,0.23446568191672615,0.22743909589467423,0.24144455213652355,0.1595168886095478,0.15287578632367,0.16687837376550532,0.10845019122311489,0.10040144708599662,0.11815580217088788,0.08451664214655852,0.0782198123874917,0.09174847280422664,0.0750002464629892,0.07154710213134476,0.07754346073670436,0.04786709815311269,0.040758068417899786,0.05394097171021304,0.1595168886095478,0.15287578632367,0.16687837376550532,0.0,0.0,0.0,False,False,True,0.04786709815311269,0.05394097171021304,risk ↓ availability,50% / risk ↓ availability,Medium / 10%
0.5,higher_risk_less_available,medium,0.2,100,0.12608592056779458,0.12091253711535649,0.1321507162502216,0.23455262144676742,0.22716922851521498,0.24174291216841173,0.20443033282475803,0.19777504798287374,0.21258841248688568,0.39427664950713953,0.38335864369881434,0.40567384436208315,0.2681907289393449,0.25870474636761387,0.28072463191302316,0.18984631668238147,0.17770903627498016,0.20275191710311877,0.14915650878067713,0.14109632796343158,0.1587324495140815,0.11903422015866771,0.11459463185954585,0.12312276284839398,0.0813796158034086,0.07222105945606334,0.08863648323891785,0.2681907289393449,0.25870474636761387,0.28072463191302316,0.0,0.0,0.0,False,False,True,0.0813796158034086,0.08863648323891785,risk ↓ availability,50% / risk ↓ availability,Medium / 20%
0.5,higher_risk_less_available,weak,0.05,100,0.03080180534118663,0.02830515473145134,0.033299134277718107,0.05291688346175128,0.049430165269170476,0.056337985665468035,0.0562936987328505,0.05310764295240066,0.06007257401782108,0.09726899226739658,0.09251929267688702,0.1012698813585907,0.06646718692620991,0.06232683726368097,0.07116026514512198,0.04097529353454604,0.03624598847957466,0.04583595187392698,0.03154518582755532,0.027518541207343095,0.035337111631429045,0.03492200109865452,0.033098185762352725,0.037139479639387595,0.018860215413981377,0.015103437477000603,0.02267708019532395,0.06646718692620991,0.06232683726368097,0.07116026514512198,0.0,0.0,0.0,False,False,True,0.018860215413981377,0.02267708019532395,risk ↓ availability,50% / risk ↓ availability,Weak / 5%
0.5,higher_risk_less_available,weak,0.1,100,0.05632687291747076,0.05303724561282113,0.060083913060842084,0.09734069346215285,0.09242349263439391,0.10133418409540267,0.10100014776583904,0.09633682203106525,0.10585882436735873,0.176908695904144,0.1707873588591903,0.18320165047244727,0.12058182298667317,0.1155260730656769,0.12664832470587675,0.07590854813830489,0.06896016145085845,0.08310641789309102,0.05846118434149348,0.05367394716149854,0.06358941372779499,0.06212063864517964,0.05978451657317654,0.06529372127464989,0.03489472759362276,0.029126973837913007,0.04132787640929668,0.12058182298667317,0.1155260730656769,0.12664832470587675,0.0,0.0,0.0,False,False,True,0.03489472759362276,0.04132787640929668,risk ↓ availability,50% / risk ↓ availability,Weak / 10%
0.5,higher_risk_less_available,weak,0.2,100,0.10107044749774323,0.0964857731431104,0.10620992386311454,0.17696252199999057,0.17120343342853736,0.1831150169476014,0.17680436623793824,0.17201417423799403,0.18308611233547262,0.3148797154474993,0.307272838569996,0.32442555296529074,0.21380926794975605,0.20611539316609162,0.22252388649172308,0.13807534920956105,0.12920869949843353,0.1472938398708191,0.10698371185590416,0.0994757863205192,0.1138657886976859,0.10682555609385182,0.10305590685909831,0.11161728302259313,0.06218327470731369,0.054713299163393375,0.07061995731735621,0.21380926794975605,0.20611539316609162,0.22252388649172308,0.0,0.0,0.0,False,False,True,0.06218327470731369,0.07061995731735621,risk ↓ availability,50% / risk ↓ availability,Weak / 20%
0.5,higher_risk_more_available,good,0.05,100,0.09702612234375527,0.09262701971622361,0.10145236338657572,0.09772262774990507,0.09361462139183056,0.10221426283630067,0.16666091550816353,0.16015558040357805,0.1719513182314324,0.16866877619006723,0.16232312834530926,0.1740960413453089,0.0716426538463119,0.06758129302635474,0.07594267498824532,0.002007860681903619,-0.0011709201752605149,0.004784342324957753,0.0013521830440266763,-0.0006043700946042375,0.0033859381303716404,0.07029047080228518,0.06661305041632636,0.07387178028124392,0.001311355275753858,-0.002118283018447245,0.004210525342539959,0.0716426538463119,0.06758129302635474,0.07594267498824532,0.0,0.0,0.0,False,False,False,0.001311355275753858,0.004210525342539959,risk ↑ availability,50% / risk ↑ availability,Good / 5%
0.5,higher_risk_more_available,good,0.1,100,0.16661698290510127,0.15928657616892905,0.17187335216061128,0.16863332541367995,0.16175202598897181,0.1736841300336944,0.27661694348920857,0.26755950886860874,0.2839009449280532,0.2828502846684124,0.2755372548296208,0.2903125701917846,0.11623330176331105,0.11125958487906591,0.12247965843084736,0.006233341179203759,0.000735313961983195,0.010700296578004058,0.004124841843891204,0.0009682844563472924,0.0070654668628332695,0.11210845991941978,0.10723121765246445,0.11734862110671143,0.004216998670625062,-0.0012059959619308324,0.008512186185587887,0.11623330176331105,0.11125958487906591,0.12247965843084736,0.0,0.0,0.0,False,False,True,0.004216998670625062,0.008512186185587887,risk ↑ availability,50% / risk ↑ availability,Good / 10%
0.5,higher_risk_more_available,good,0.2,100,0.2765720228385008,0.2675068720127836,0.2830275609973617,0.28279554388376166,0.27533971866136014,0.29047940915492665,0.43605125655238214,0.42670092510785057,0.4439582399898985,0.4560997646332183,0.4460233799441976,0.46724853258142796,0.17952774179471756,0.17282792931957222,0.18725832041756563,0.02004850808083625,0.01203577658058615,0.02697646319164534,0.013136014563048512,0.00869283632274353,0.018003528115776095,0.16639172723166898,0.16202989006178892,0.17180394170920865,0.013824987035575425,0.007250208028404017,0.02075795139715709,0.17952774179471756,0.17282792931957222,0.18725832041756563,0.0,0.0,0.0,False,False,True,0.013824987035575425,0.02075795139715709,risk ↑ availability,50% / risk ↑ availability,Good / 20%
0.5,higher_risk_more_available,medium,0.05,100,0.0782507525424028,0.0741073103352284,0.0819861888375081,0.07634063363975263,0.07272993061513779,0.07999740703596024,0.1383941125469633,0.1332032717603724,0.1427183208379447,0.13550239683604043,0.13033514518531167,0.14011890409495734,0.05725164429363758,0.05394040230057584,0.06084244476444191,-0.0028917157109228124,-0.006013420052708298,0.0004152179421917099,-0.002400917306786465,-0.0046829574262547725,-0.0003439806169357876,0.059652561600424106,0.05643619853780367,0.06261980760560715,-0.000981596808272666,-0.00412109086729418,0.0028207359438766695,0.05725164429363758,0.05394040230057584,0.06084244476444191,0.0,0.0,0.0,True,False,False,0.000981596808272666,0.00412109086729418,risk ↑ availability,50% / risk ↑ availability,Medium / 5%
0.5,higher_risk_more_available,medium,0.1,100,0.13837066447907878,0.1329084929755616,0.14286583952421314,0.13545776785669292,0.1296758474394434,0.14029363338857062,0.23852911489547807,0.2303954839234951,0.24634904562178325,0.23446568191672615,0.22743909589467423,0.24144455213652355,0.09609501743764733,0.09164722074904665,0.10198293933853082,-0.0040634329787518,-0.009121373744312994,0.0009605163853795781,-0.0034881648005688094,-0.007231297333817372,-0.0005483447833196833,0.09958318223821622,0.09433228770471482,0.1045788839098475,-0.00115053635636595,-0.006163562502702182,0.0038215498615016396,0.09609501743764733,0.09164722074904665,0.10198293933853082,0.0,0.0,0.0,True,False,False,0.00115053635636595,0.006163562502702182,risk ↑ availability,50% / risk ↑ availability,Medium / 10%
0.5,higher_risk_more_available,medium,0.2,100,0.238478338083537,0.23024601740796408,0.24684245599458443,0.23436577678336057,0.22753221489094946,0.24093300479944388,0.39581628444411104,0.38536647272271707,0.4048131287592615,0.39427664950713953,0.38335864369881434,0.40567384436208315,0.15579831142360248,0.149599651314652,0.1630055101571901,-0.001539634936971409,-0.008130859961896206,0.005275872160937933,-0.0028260981185738937,-0.007566508128666315,0.0015130052541095318,0.15862440954217638,0.1514790522295533,0.16418618230949397,0.0025729263632049944,-0.0048328966133285075,0.010566171036943062,0.15579831142360248,0.149599651314652,0.1630055101571901,0.0,0.0,0.0,True,False,False,0.0025729263632049944,0.010566171036943062,risk ↑ availability,50% / risk ↑ availability,Medium / 20%
0.5,higher_risk_more_available,weak,0.05,100,0.058042989042623436,0.054468223020374205,0.06182876249229468,0.05288455538672888,0.049273841229866416,0.05629082990253739,0.1070132718218235,0.10217547521324011,0.11170907207961352,0.09726899226739658,0.09251929267688702,0.1012698813585907,0.039226003224773105,0.03596594355549574,0.04266200899034824,-0.009744279554426865,-0.013268337656512356,-0.0056162865557408785,-0.0074513566051606925,-0.009953007305424108,-0.004909047665597725,0.04667735982993384,0.043692991638284454,0.04907937845146992,-0.004585845898532303,-0.008177048071756374,-0.0007556998696412877,0.039226003224773105,0.03596594355549574,0.04266200899034824,0.0,0.0,0.0,True,True,False,0.004585845898532303,0.008177048071756374,risk ↑ availability,50% / risk ↑ availability,Weak / 5%
0.5,higher_risk_more_available,weak,0.1,100,0.10699384625059706,0.10165698211024879,0.11171831410174783,0.0972546612005622,0.09238650441396384,0.10130709534786327,0.19455507885557374,0.18792399264568987,0.20106867879335474,0.176908695904144,0.1707873588591903,0.18320165047244727,0.06991484965354687,0.06564498022217431,0.07532227706574954,-0.017646382951429705,-0.02301335692855343,-0.012195740928615216,-0.013692784000732237,-0.017289277874146598,-0.009893812964198645,0.08360763365427916,0.08000986005816224,0.08794534524639577,-0.007907197901394885,-0.01302576998936827,-0.002169365154539637,0.06991484965354687,0.06564498022217431,0.07532227706574954,0.0,0.0,0.0,True,True,False,0.007907197901394885,0.01302576998936827,risk ↑ availability,50% / risk ↑ availability,Weak / 10%
0.5,higher_risk_more_available,weak,0.2,100,0.1945112677926698,0.18782194644589922,0.20154763707174247,0.1768500787466144,0.1705320625226598,0.18304539578846346,0.3453290000309174,0.3359131738663699,0.35471274830895244,0.3148797154474993,0.307272838569996,0.32442555296529074,0.12036844765482947,0.11621512754520583,0.12635909156752378,-0.030449284583418033,-0.03735179670154603,-0.02284481386086911,-0.024055236814736713,-0.02824679447061033,-0.018944139425213717,0.14442368446956622,0.14007453691180663,0.1503846736080927,-0.01278809553736258,-0.02032887024471872,-0.003569951275457113,0.12036844765482947,0.11621512754520583,0.12635909156752378,0.0,0.0,0.0,True,True,False,0.01278809553736258,0.02032887024471872,risk ↑ availability,50% / risk ↑ availability,Weak / 20%
0.5,risk_independent,good,0.05,100,0.08436457420373776,0.07890844123036996,0.08820777820357646,0.09773771933933255,0.09331869982895813,0.10237192020193817,0.14147455427934094,0.13477737811587953,0.14582588664178306,0.16866877619006723,0.16232312834530926,0.1740960413453089,0.08430420198632942,0.07998820235744693,0.08909922826139506,0.027194221910726207,0.02148599874841351,0.03431187839831272,0.020283683523160484,0.015825508245322924,0.025597691769002808,0.06402051846316889,0.061061329853738494,0.06727639094060808,0.0138210767751314,0.008388387796452443,0.020011921124916638,0.08430420198632942,0.07998820235744693,0.08909922826139506,0.0,0.0,0.0,False,False,True,0.0138210767751314,0.020011921124916638,independent,50% / independent,Good / 5%
0.5,risk_independent,good,0.1,100,0.14150559681558977,0.1344382390251677,0.14582886899918532,0.16869183314612865,0.16238674845668685,0.1740221657736161,0.22819442933812709,0.21975548939605935,0.23524424585778045,0.2828502846684124,0.2755372548296208,0.2903125701917846,0.14134468785282253,0.13583013491366874,0.14779954299992568,0.05465585533028523,0.04642381652278911,0.06154389254081519,0.040921045830412055,0.03507320089149454,0.04642119309285118,0.10042364202241044,0.09663269620592643,0.10363346790561008,0.02746961899974633,0.020851202243123448,0.03414224216113641,0.14134468785282253,0.13583013491366874,0.14779954299992568,0.0,0.0,0.0,False,False,True,0.02746961899974633,0.03414224216113641,independent,50% / independent,Good / 10%
0.5,risk_independent,good,0.2,100,0.22820330878158782,0.21924979443263629,0.23483305912564123,0.2828570784389898,0.2750007962605462,0.29104564014285406,0.3467253000227133,0.337763636191522,0.3561628986957578,0.4560997646332183,0.4460233799441976,0.46724853258142796,0.22789645585163051,0.22101019349196466,0.2360611660055621,0.10937446461050497,0.09814442362250278,0.12098916280300018,0.08201411713395347,0.07418350406368493,0.0891549713429298,0.14588233871767697,0.141279344394029,0.15005996100359123,0.054720694953103,0.04575058179638222,0.06441036227075861,0.22789645585163051,0.22101019349196466,0.2360611660055621,0.0,0.0,0.0,False,False,True,0.054720694953103,0.06441036227075861,independent,50% / independent,Good / 20%
0.5,risk_independent,medium,0.05,100,0.06774287243653665,0.06378184697239235,0.07141864050646043,0.07635479463700551,0.07270187282253511,0.07983680393527576,0.11710467876358038,0.11105603353413876,0.12234872718520753,0.13550239683604043,0.13033514518531167,0.14011890409495734,0.06775952439950371,0.06393295531780865,0.07149720390387308,0.01839771807245999,0.012918972454745062,0.023445279805048833,0.0135048201364644,0.009228495589190942,0.017390515395198473,0.054254704263039265,0.05160114287547318,0.05665836224791753,0.009785795871991137,0.004347011543760967,0.014502807780610511,0.06775952439950371,0.06393295531780865,0.07149720390387308,0.0,0.0,0.0,False,False,True,0.009785795871991137,0.014502807780610511,independent,50% / independent,Medium / 5%
0.5,risk_independent,medium,0.1,100,0.11710827884054278,0.11088492420346566,0.12235834788679718,0.13547619339514355,0.1299872185610254,0.1400939774965975,0.19710307127541657,0.18733047772033368,0.2036292270401582,0.23446568191672615,0.22743909589467423,0.24144455213652355,0.11735740307618332,0.11160547801397519,0.12411307263472159,0.03736261064130954,0.028947444784660898,0.04626808766502538,0.02786526259795511,0.02239784867656811,0.03465215205656155,0.08949214047822815,0.0862695989303367,0.0933102325446413,0.01899469608670877,0.01163210861747717,0.025274545901981457,0.11735740307618332,0.11160547801397519,0.12411307263472159,0.0,0.0,0.0,False,False,True,0.01899469608670877,0.025274545901981457,independent,50% / independent,Medium / 10%
0.5,risk_independent,medium,0.2,100,0.19709810180804518,0.18716960441020164,0.20358589419867254,0.23444652004009225,0.22743909589467423,0.2409285887192603,0.3159840029126345,0.30760776191928263,0.32402899095917803,0.39427664950713953,0.38335864369881434,0.40567384436208315,0.19717854769909426,0.1906009355482154,0.20561394409445594,0.07829264659450497,0.06997855441221326,0.08672437466975821,0.05782053241327599,0.05030468429920777,0.06448797190314172,0.1393580152858183,0.13535703546352007,0.1432712064193107,0.04094422836245788,0.033225280884231385,0.050552127452412235,0.19717854769909426,0.1906009355482154,0.20561394409445594,0.0,0.0,0.0,False,False,True,0.04094422836245788,0.050552127452412235,independent,50% / independent,Medium / 20%
0.5,risk_independent,weak,0.05,100,0.048621105265927056,0.044842155154802416,0.05193341290268084,0.05289166076791525,0.049354690201187545,0.056337985665468035,0.0883366554184388,0.083293824614906,0.09279207483919943,0.09726899226739658,0.09251929267688702,0.1012698813585907,0.048647887001469464,0.04593889749687518,0.05252785893038722,0.008932336848957728,0.0038987340879367022,0.013444350020957353,0.006601446175472933,0.0024881331254076973,0.010551827819639932,0.04204644082599649,0.03971238530193927,0.044259487130090966,0.004661781346969537,0.000600897807908455,0.009426224945454257,0.048647887001469464,0.04593889749687518,0.05252785893038722,0.0,0.0,0.0,False,False,True,0.004661781346969537,0.009426224945454257,independent,50% / independent,Weak / 5%
0.5,risk_independent,weak,0.1,100,0.08832762604017864,0.08298290990677791,0.09292726584104477,0.09727583964992703,0.09248663839415311,0.10123889823782992,0.15728085925969718,0.15093328116539617,0.16380026460083225,0.176908695904144,0.1707873588591903,0.18320165047244727,0.0885810698639653,0.08400771950435568,0.0940294572338154,0.019627836644446738,0.012459535583464399,0.02670873702471651,0.014288025127097558,0.010123752452171189,0.019448139048735623,0.07429304473686768,0.07137629094045557,0.07714318319465871,0.01067962303469832,0.0038329743086504523,0.017743599544290202,0.0885810698639653,0.08400771950435568,0.0940294572338154,0.0,0.0,0.0,False,False,True,0.01067962303469832,0.017743599544290202,independent,50% / independent,Weak / 10%
0.5,risk_independent,weak,0.2,100,0.157265624481882,0.15013194182830852,0.16409092274420276,0.1768977217107089,0.17082881232169284,0.18327942749016923,0.2725775817265111,0.2644145632200458,0.28023317675977316,0.3148797154474993,0.307272838569996,0.32442555296529074,0.1576140909656173,0.15091419867831282,0.163737400393803,0.04230213372098822,0.03340968407362803,0.05279181071651048,0.030967115474907523,0.02442323145441668,0.038157810499556966,0.1266469754907097,0.12260436161320301,0.13130570977080155,0.022670036492161313,0.014606146435973787,0.03148259755352589,0.1576140909656173,0.15091419867831282,0.163737400393803,0.0,0.0,0.0,False,False,True,0.022670036492161313,0.03148259755352589,independent,50% / independent,Weak / 20%
0.7,higher_risk_less_available,good,0.05,100,0.08734421099232118,0.08151658987279968,0.09134861741096713,0.12767602960228389,0.12284121070047536,0.1321271689932255,0.11458696792456292,0.1082630986870539,0.11925602830533506,0.16866877619006723,0.16232312834530926,0.1740960413453089,0.08132456519774596,0.07506023583309576,0.08631663746345046,0.05408180826550425,0.046962025440222155,0.06019615353040509,0.047206813437733454,0.04140250206476565,0.052639163760330336,0.03411775176001246,0.03197706490888913,0.03610476687164064,0.013749989655541537,0.00941966160502243,0.016555594023376845,0.08132456519774596,0.07506023583309576,0.08631663746345046,0.0,0.0,0.0,False,False,True,0.013749989655541537,0.016555594023376845,risk ↓ availability,70% / risk ↓ availability,Good / 5%
0.7,higher_risk_less_available,good,0.1,100,0.14706771520977527,0.13865511646276785,0.15277156494928956,0.21771850371881096,0.2097383373924734,0.22473666915072052,0.1895743320670897,0.1806818131974336,0.1964284482370152,0.2828502846684124,0.2755372548296208,0.2903125701917846,0.13578256945863706,0.12839580070615558,0.1430254616655131,0.09327595260132265,0.08456096542893786,0.1017009735734801,0.08196337055517912,0.07414162152382438,0.08924450284843907,0.053819198903457835,0.05138596441163167,0.05643618248446079,0.02262516409228694,0.016667403448137254,0.028622687263623166,0.13578256945863706,0.12839580070615558,0.1430254616655131,0.0,0.0,0.0,False,False,True,0.02262516409228694,0.028622687263623166,risk ↓ availability,70% / risk ↓ availability,Good / 10%
0.7,higher_risk_less_available,good,0.2,100,0.23842000372624703,0.22989136837129817,0.2457217791031559,0.35908781933531214,0.3501358885949189,0.36770323213715234,0.2998732129638129,0.2920553197554645,0.30891709868282763,0.4560997646332183,0.4460233799441976,0.46724853258142796,0.21767976090697125,0.20963188672972527,0.22812620885845106,0.15622655166940544,0.14520975282287923,0.16790763522812513,0.13844718363923522,0.1296447998175582,0.14935787804562004,0.07923257726773598,0.07567392642260232,0.08179113508260213,0.035558736060340386,0.028669637838271842,0.04307951251680344,0.21767976090697125,0.20963188672972527,0.22812620885845106,0.0,0.0,0.0,False,False,True,0.035558736060340386,0.04307951251680344,risk ↓ availability,70% / risk ↓ availability,Good / 20%
0.7,higher_risk_less_available,medium,0.05,100,0.06880943475488763,0.0634994203809135,0.07246870482117229,0.10116517580807223,0.09664084884951694,0.10567850387566935,0.09194648399240749,0.08660927645068911,0.09604566677776523,0.13550239683604043,0.13033514518531167,0.14011890409495734,0.06669296208115276,0.061580060002287926,0.07219917359198169,0.04355591284363288,0.03849550515698153,0.04924184368596658,0.03795582694840872,0.03389957240327834,0.043499560371557236,0.028737135132743976,0.026827234834098934,0.03042027823320453,0.011200171790448273,0.00714747858032887,0.0146153479681499,0.06669296208115276,0.061580060002287926,0.07219917359198169,0.0,0.0,0.0,False,False,True,0.011200171790448273,0.0146153479681499,risk ↓ availability,70% / risk ↓ availability,Medium / 5%
0.7,higher_risk_less_available,medium,0.1,100,0.12018224194910124,0.11317866596319275,0.12483362952963455,0.17713722304765278,0.1711965117401759,0.18290943732869136,0.15869700756920543,0.1504629685403392,0.16449910521947786,0.23446568191672615,0.22743909589467423,0.24144455213652355,0.11428343996762486,0.10748251944530243,0.1222759443791456,0.07576867434752069,0.06645462056093841,0.0848869601694489,0.06636182772303606,0.060318431558032425,0.07349866566384025,0.047921612244588754,0.04488450757025812,0.05027467378460152,0.018813693248969213,0.012556846766774897,0.02413316264588658,0.11428343996762486,0.10748251944530243,0.1222759443791456,0.0,0.0,0.0,False,False,True,0.018813693248969213,0.02413316264588658,risk ↓ availability,70% / risk ↓ availability,Medium / 10%
0.7,higher_risk_less_available,medium,0.2,100,0.20416284936685195,0.19522193934748738,0.21070519709144858,0.3028464447686883,0.29460858482808405,0.3127734365479306,0.2641089462001042,0.2558766194791426,0.2728150579633451,0.39427664950713953,0.38335864369881434,0.40567384436208315,0.19011380014028753,0.18105139612366208,0.19862943629476937,0.13016770330703525,0.11826683069736706,0.140712054070752,0.11442564935443582,0.10335144146447256,0.12401591662791346,0.07568815078585167,0.07227450000888251,0.07888881236781296,0.03148410790519882,0.024860291513746104,0.03858937955828305,0.19011380014028753,0.18105139612366208,0.19862943629476937,0.0,0.0,0.0,False,False,True,0.03148410790519882,0.03858937955828305,risk ↓ availability,70% / risk ↓ availability,Medium / 20%
0.7,higher_risk_less_available,weak,0.05,100,0.04967376711283804,0.046137090241962296,0.05335598733981619,0.07132116394749746,0.06762398420515352,0.07542777873462926,0.06804336985601529,0.06364909272591864,0.07183260340604058,0.09726899226739658,0.09251929267688702,0.1012698813585907,0.0475952251545585,0.043695378066611695,0.05243997052693281,0.02922562241138126,0.02546953750003708,0.034573187932618515,0.02543650962302032,0.02152128819129811,0.02991887883531634,0.02215871553153813,0.0204309941484889,0.023841159465600805,0.007578225576721846,0.003904359476672895,0.011274691735533575,0.0475952251545585,0.043695378066611695,0.05243997052693281,0.0,0.0,0.0,False,False,True,0.007578225576721846,0.011274691735533575,risk ↓ availability,70% / risk ↓ availability,Weak / 5%
0.7,higher_risk_less_available,weak,0.1,100,0.09118121422848606,0.08618864401644934,0.09619936961391023,0.1303492699328676,0.12518362719364332,0.1358429581497588,0.12353467082125805,0.11794579575141431,0.12903898771140776,0.176908695904144,0.1707873588591903,0.18320165047244727,0.0857274816756578,0.08049437177168368,0.09266049712165052,0.05337402508288586,0.0479574050998725,0.060272757432567214,0.04627104039363366,0.041854588651536205,0.05192553244494364,0.03945644128202411,0.03739145308989449,0.0417306373574324,0.014205969378504359,0.007872047869376467,0.019030509225995227,0.0857274816756578,0.08049437177168368,0.09266049712165052,0.0,0.0,0.0,False,False,True,0.014205969378504359,0.019030509225995227,risk ↓ availability,70% / risk ↓ availability,Weak / 10%
0.7,higher_risk_less_available,weak,0.2,100,0.1637716755208214,0.15603065002692262,0.170125554261674,0.23502138112005977,0.22805450343001943,0.24311085603035779,0.21968117051250002,0.21172723180546732,0.22756753365223897,0.3148797154474993,0.307272838569996,0.32442555296529074,0.15110803992667787,0.14319362178684317,0.15810811063663152,0.09519854493499928,0.08708018470057037,0.10277577328201644,0.08322412526711875,0.07607885793054402,0.09041839635334856,0.06788391465955904,0.06455264173070578,0.07061864205034536,0.023948839335760943,0.01847730731935963,0.030146966946408404,0.15110803992667787,0.14319362178684317,0.15810811063663152,0.0,0.0,0.0,False,False,True,0.023948839335760943,0.030146966946408404,risk ↓ availability,70% / risk ↓ availability,Weak / 20%
0.7,higher_risk_more_available,good,0.05,100,0.1273078234973275,0.12234956712005686,0.13193442754867038,0.12765311343479613,0.12278515684997043,0.13191141025513758,0.16798741510501816,0.16159331556328183,0.17337639172733368,0.16866877619006723,0.16232312834530926,0.1740960413453089,0.04136095269273967,0.038222608730295995,0.044391021110107474,0.0006813610850490107,-0.0010470898217798176,0.0025528517185460092,0.0005133255112588031,-0.000898136564386705,0.002001550571864695,0.04084762718148085,0.037695827318358834,0.04388035101125879,0.0003360711475803969,-0.0017565894887263225,0.002151950934714249,0.04136095269273967,0.038222608730295995,0.044391021110107474,0.0,0.0,0.0,False,False,False,0.0003360711475803969,0.002151950934714249,risk ↑ availability,70% / risk ↑ availability,Good / 5%
0.7,higher_risk_more_available,good,0.1,100,0.2165833868666436,0.20853079731835125,0.22273534577359397,0.21772223733875629,0.20982061303357158,0.22440687149236888,0.28092258837901246,0.27207930519011553,0.2885045381450885,0.2828502846684124,0.2755372548296208,0.2903125701917846,0.0662668978017687,0.06194128427208518,0.07094109210994803,0.0019276962893998392,-0.0016853868094261575,0.004608480015834782,0.0015332733807562498,-0.0006075913275060425,0.003755046016220799,0.0647336244210124,0.06101905529477454,0.06864582948458105,0.0007888458172871722,-0.0022947124996558,0.004345166012961727,0.0662668978017687,0.06194128427208518,0.07094109210994803,0.0,0.0,0.0,False,False,False,0.0007888458172871722,0.004345166012961727,risk ↑ availability,70% / risk ↑ availability,Good / 10%
0.7,higher_risk_more_available,good,0.2,100,0.3555056801954906,0.3460451164583297,0.3648067889810929,0.35905640789619064,0.35004778719416085,0.36724101706162676,0.449550105137661,0.44002520350429336,0.45838565076276255,0.4560997646332183,0.4460233799441976,0.46724853258142796,0.10059408443772774,0.09475757485357048,0.10480385221314717,0.0065496594955573376,0.0021153973592642223,0.010938697534392213,0.0050501935981287025,0.0015761662440216175,0.00850651239907216,0.09554389083959897,0.09060707316693353,0.099960414437117,0.0029989317948572185,-0.0011096671960709723,0.007388753291559915,0.10059408443772774,0.09475757485357048,0.10480385221314717,0.0,0.0,0.0,False,False,True,0.0029989317948572185,0.007388753291559915,risk ↑ availability,70% / risk ↑ availability,Good / 20%
0.7,higher_risk_more_available,medium,0.05,100,0.1024065764426552,0.09736932491444382,0.10695245730727344,0.10115236493774205,0.0965360061136208,0.10560705707481254,0.13696402798695967,0.13148270847509017,0.1418809119130737,0.13550239683604043,0.13033514518531167,0.14011890409495734,0.03309582039338514,0.030112529189566244,0.03579634992666489,-0.0014616311509192184,-0.003932486555388765,0.0006072060155223241,-0.0013579213279161636,-0.00302612548264019,0.0003007865084330975,0.034453741721301355,0.031396307345730116,0.03724628975028071,-0.00020741964600609584,-0.0025244109819550975,0.002100761657114195,0.03309582039338514,0.030112529189566244,0.03579634992666489,0.0,0.0,0.0,True,False,False,0.00020741964600609584,0.0025244109819550975,risk ↑ availability,70% / risk ↑ availability,Medium / 5%
0.7,higher_risk_more_available,medium,0.1,100,0.17923649376104836,0.17257841279131708,0.1854012836913935,0.17713877989271418,0.1712915687743964,0.18285704211911052,0.23724625836893545,0.2296003618906447,0.24399298191348173,0.23446568191672615,0.22743909589467423,0.24144455213652355,0.05522918815567774,0.05102951819177377,0.05928151205762574,-0.002780576452209184,-0.006264996049222725,0.00040767839965455833,-0.0024391451602716707,-0.004930955368534907,-7.469380065456474e-05,0.05766833331594946,0.05398318556423535,0.06138445491537931,-0.0006828625838749997,-0.0050457323627286395,0.003090514706874209,0.05522918815567774,0.05102951819177377,0.05928151205762574,0.0,0.0,0.0,True,False,False,0.0006828625838749997,0.0050457323627286395,risk ↑ availability,70% / risk ↑ availability,Medium / 10%
0.7,higher_risk_more_available,medium,0.2,100,0.30639296630806545,0.29752733886477906,0.31580137156304366,0.3028311702071237,0.2948508871752188,0.31257433460290773,0.397516395559952,0.3874291910694277,0.4079654797458609,0.39427664950713953,0.38335864369881434,0.40567384436208315,0.08788368319907398,0.08265170231365111,0.0929150217633363,-0.003239746052812456,-0.007818610768016683,0.0011652969519057813,-0.003400771076877086,-0.007289388380710028,0.0002627872418029893,0.09128445427595117,0.08637831473770034,0.09673039274901124,0.00032205004812926126,-0.004575360772521975,0.006433971042542852,0.08788368319907398,0.08265170231365111,0.0929150217633363,0.0,0.0,0.0,True,False,False,0.00032205004812926126,0.006433971042542852,risk ↑ availability,70% / risk ↑ availability,Medium / 20%
0.7,higher_risk_more_available,weak,0.05,100,0.07477079683389778,0.07060800362993087,0.07865174144127617,0.07130771161900853,0.06742762912029188,0.07552674083246902,0.10221529059197283,0.09765514444755388,0.10737595054788757,0.09726899226739658,0.09251929267688702,0.1012698813585907,0.022498195433498753,0.020221012966482984,0.025233803210575625,-0.004946298324576208,-0.007472668404675744,-0.0027655421119675305,-0.004204691769732706,-0.006222226212548409,-0.002274210035925866,0.026702887203231506,0.02438713953919176,0.02895157575626926,-0.0014832131096869925,-0.0047542985466172225,0.0018046090183942993,0.022498195433498753,0.020221012966482984,0.025233803210575625,0.0,0.0,0.0,True,True,False,0.0014832131096869925,0.0047542985466172225,risk ↑ availability,70% / risk ↑ availability,Weak / 5%
0.7,higher_risk_more_available,weak,0.1,100,0.13732842463144826,0.1308812102934232,0.14345915703512543,0.13033623276966738,0.1252210504973636,0.1356949192179325,0.18659660664982386,0.18060928637984686,0.19301413785285998,0.176908695904144,0.1707873588591903,0.18320165047244727,0.03958027127269566,0.03594431576025217,0.04295583937026492,-0.009687910745679814,-0.01290025342620542,-0.005483892094779367,-0.008340051303730313,-0.010696130091562174,-0.005395934076629203,0.04792032257642602,0.04498767513138381,0.05138117251959032,-0.0026957188838989572,-0.006488345747088067,0.001838623716977869,0.03958027127269566,0.03594431576025217,0.04295583937026492,0.0,0.0,0.0,True,True,False,0.0026957188838989572,0.006488345747088067,risk ↑ availability,70% / risk ↑ availability,Weak / 10%
0.7,higher_risk_more_available,weak,0.2,100,0.24778831458253647,0.24059646477861785,0.2561507707891681,0.23500538668671564,0.22756817190549808,0.24357362894010035,0.3322927939391703,0.3227484063138339,0.3413529531843628,0.3148797154474993,0.307272838569996,0.32442555296529074,0.06709140086496278,0.0638860365967593,0.07043612095253689,-0.01741307849167093,-0.023187725533268966,-0.012008934502457764,-0.01509800319374587,-0.019473035079952263,-0.011493775606681357,0.0821894040587087,0.07765080936657862,0.08638157724993266,-0.004630150595850089,-0.01153093241866085,0.00140588229673141,0.06709140086496278,0.0638860365967593,0.07043612095253689,0.0,0.0,0.0,True,True,False,0.004630150595850089,0.01153093241866085,risk ↑ availability,70% / risk ↑ availability,Weak / 20%
0.7,risk_independent,good,0.05,100,0.11821834470206502,0.11243671335102606,0.1227669094767155,0.12768452022289561,0.1227905448991776,0.1319379411627879,0.15474901324363224,0.14836824913584282,0.15982682830687908,0.16866877619006723,0.16232312834530926,0.1740960413453089,0.050450431488002136,0.0468020304568527,0.05408376806935207,0.013919762946434926,0.009306823660209122,0.018239789571768108,0.011692969233632739,0.007276043520665628,0.015227383100967662,0.03875746225436934,0.03674437677521391,0.04090904075513341,0.004453587425604325,-0.00050619571500203,0.008629744133266372,0.050450431488002136,0.0468020304568527,0.05408376806935207,0.0,0.0,0.0,False,False,True,0.004453587425604325,0.008629744133266372,independent,70% / independent,Good / 5%
0.7,risk_independent,good,0.1,100,0.19811577940191089,0.19124298909474788,0.20422209628436264,0.21774682592819125,0.20973269561877386,0.22461316787594615,0.25501128646722515,0.24710740865418065,0.26311952694518165,0.2828502846684124,0.2755372548296208,0.2903125701917846,0.0847345052665014,0.08037873387964489,0.08959092589660939,0.027838998201187133,0.022555916584481403,0.03502726216047067,0.023735022363733715,0.018238025350733423,0.029018895444579022,0.06099948290276762,0.05782678965794924,0.06383786491266097,0.008207951674906793,0.0018274108758887825,0.015000987343519085,0.0847345052665014,0.08037873387964489,0.08959092589660939,0.0,0.0,0.0,False,False,True,0.008207951674906793,0.015000987343519085,independent,70% / independent,Good / 10%
0.7,risk_independent,good,0.2,100,0.3195534168298178,0.3098231008772006,0.3280691394665284,0.3590973975764992,0.35041542406245496,0.36754604650840983,0.39990200361567074,0.3915462827322127,0.40804659615044797,0.4560997646332183,0.4460233799441976,0.46724853258142796,0.1365463478034005,0.13181085367927844,0.14215279882278872,0.05619776101754756,0.048283610173156445,0.06410270927800785,0.04787087088211441,0.04162262826617714,0.05427224497067065,0.08867547692128604,0.08517586979909374,0.09215334606206621,0.01665378027086624,0.00856560309644158,0.02404253521384067,0.1365463478034005,0.13181085367927844,0.14215279882278872,0.0,0.0,0.0,False,False,True,0.01665378027086624,0.02404253521384067,independent,70% / independent,Good / 20%
0.7,risk_independent,medium,0.05,100,0.0948983331793576,0.09046468938711945,0.09972135875444407,0.10115269321841724,0.09658842748156887,0.10557562766111277,0.12604056192761312,0.1207302381428857,0.1311259500930253,0.13550239683604043,0.13033514518531167,0.14011890409495734,0.040604063656682746,0.037494207538159435,0.044030827064320675,0.009461834908427263,0.005470060049509486,0.01422525655431704,0.007858097473743424,0.004164797514005503,0.01174289137794893,0.03274596618293928,0.030511073298661793,0.03449504789582414,0.003207474869367624,-0.0015600347648529098,0.0070667900578716926,0.040604063656682746,0.037494207538159435,0.044030827064320675,0.0,0.0,0.0,False,False,True,0.003207474869367624,0.0070667900578716926,independent,70% / independent,Medium / 5%
0.7,risk_independent,medium,0.1,100,0.16403377117844387,0.15833101562387003,0.17038320995803666,0.1771405179818115,0.17117128238429272,0.18280913007553581,0.21525451477070248,0.20801948934987563,0.22358586844345982,0.23446568191672615,0.22743909589467423,0.24144455213652355,0.07043191073828227,0.0660088353844891,0.07535307470393222,0.019211167146023646,0.012527699467263358,0.024936458250771235,0.01615895697469564,0.010981723889843701,0.02042774197753601,0.05427295376358658,0.051523699284965876,0.0573491522052714,0.0061044203426559715,0.00115007739919883,0.012292695466124012,0.07043191073828227,0.0660088353844891,0.07535307470393222,0.0,0.0,0.0,False,False,True,0.0061044203426559715,0.012292695466124012,independent,70% / independent,Medium / 10%
0.7,risk_independent,medium,0.2,100,0.2759346377975989,0.2669399452318775,0.28475836099755825,0.30285017675599074,0.2947403745164609,0.3127210413383498,0.35394905740943605,0.34432277621604757,0.36317473053429516,0.39427664950713953,0.38335864369881434,0.40567384436208315,0.11834201170954058,0.11328010576267229,0.1239982786120793,0.04032759209770337,0.03304054781838603,0.047973922370602426,0.033621565528047556,0.028141669773102996,0.04169420887328266,0.08472044618149299,0.07928461784473427,0.08876160318071964,0.01341205313931155,0.0056063087655444524,0.01984333675327242,0.11834201170954058,0.11328010576267229,0.1239982786120793,0.0,0.0,0.0,False,False,True,0.01341205313931155,0.01984333675327242,independent,70% / independent,Medium / 20%
0.7,risk_independent,weak,0.05,100,0.06812327599331323,0.06441687449448807,0.07276449762153563,0.07132492243839579,0.06755356441927858,0.07556477568100191,0.09277973582072625,0.0879836841006705,0.0975801082899459,0.09726899226739658,0.09251929267688702,0.1012698813585907,0.029145716274083296,0.0265669338680667,0.032192538114506786,0.004489256446670268,0.0007959867201372225,0.007992569424434824,0.0038454514458763885,0.001146019841955725,0.006288125847174276,0.025300264828206864,0.02349631403913471,0.027090943762946736,0.0012876100015877371,-0.0020670755020991425,0.005443794863796457,0.029145716274083296,0.0265669338680667,0.032192538114506786,0.0,0.0,0.0,False,False,True,0.0012876100015877371,0.005443794863796457,independent,70% / independent,Weak / 5%
0.7,risk_independent,weak,0.1,100,0.1238410155479696,0.11806931116555867,0.12890880703804744,0.1303656155874789,0.12518362719364332,0.13585376944486138,0.1672437331502183,0.16037238663982373,0.1741168780295547,0.176908695904144,0.1707873588591903,0.18320165047244727,0.05306768035617435,0.04931061217560171,0.05704981157774941,0.009664962753925619,0.004887963693397992,0.014902758447233667,0.008094781396717435,0.0037837559842779376,0.012190615211005574,0.04497289895945686,0.04298155895344067,0.04756789089608621,0.003140362714416332,-0.0014686577378942574,0.007941322350708269,0.05306768035617435,0.04931061217560171,0.05704981157774941,0.0,0.0,0.0,False,False,True,0.003140362714416332,0.007941322350708269,independent,70% / independent,Weak / 10%
0.7,risk_independent,weak,0.2,100,0.2202904572182522,0.21392577100693402,0.2276414187488893,0.23503321938127697,0.22756817190549808,0.24359669119866995,0.29353568787117507,0.286484977575933,0.3017853865388932,0.3148797154474993,0.307272838569996,0.32442555296529074,0.09458925822924709,0.0905396162088034,0.09966565003782521,0.021344027576324233,0.014814804540576468,0.0288366692952308,0.018043394869674493,0.012827916545754332,0.02370501180071419,0.07654586335957256,0.07304402784565935,0.07953663816139535,0.006601265413299446,-0.0010447339352070548,0.012230839901649,0.09458925822924709,0.0905396162088034,0.09966565003782521,0.0,0.0,0.0,False,False,True,0.006601265413299446,0.012230839901649,independent,70% / independent,Weak / 20%
0.9,higher_risk_less_available,good,0.05,100,0.13295774586079948,0.12561952844642413,0.1379090502719771,0.155545584542871,0.14960217640033738,0.1608790185520351,0.14432405329896336,0.1369191525663252,0.14939152122984015,0.16866877619006723,0.16232312834530926,0.1740960413453089,0.03571103032926767,0.03023446602332404,0.04023938454615287,0.024344722891103805,0.01894604014535559,0.029107345004343217,0.023466280786587645,0.018309722072138046,0.028293468956433213,0.012244749542679989,0.010988156857185002,0.013463524157224979,0.0017568842090322841,-0.0006592100724943425,0.004080207235102814,0.03571103032926767,0.03023446602332404,0.04023938454615287,0.0,0.0,0.0,False,False,True,0.0017568842090322841,0.004080207235102814,risk ↓ availability,90% / risk ↓ availability,Good / 5%
0.9,higher_risk_less_available,good,0.1,100,0.22458325711253185,0.2159832152289517,0.23165168626334942,0.26206282533731534,0.25467035735921806,0.26896576993932314,0.2426402677791737,0.23390281232318968,0.24954736420926274,0.2828502846684124,0.2755372548296208,0.2903125701917846,0.05826702755588042,0.0514785657183438,0.06357827138515755,0.0402100168892386,0.03399565062932646,0.04604699345933687,0.03884479255701099,0.03225149106984259,0.04424810392002353,0.019422234998869387,0.01757073113362978,0.021069021699856343,0.002730448664455194,-0.00044913715922908,0.0060726088448653705,0.05826702755588042,0.0514785657183438,0.06357827138515755,0.0,0.0,0.0,False,False,True,0.002730448664455194,0.0060726088448653705,risk ↓ availability,90% / risk ↓ availability,Good / 10%
0.9,higher_risk_less_available,good,0.2,100,0.36472135619180107,0.35510853984163987,0.3731438735070422,0.4257375464220746,0.4157247166360654,0.4371036175680136,0.3908660765775479,0.3812707837523516,0.39947545063052176,0.4560997646332183,0.4460233799441976,0.46724853258142796,0.09137840844141726,0.08419605057401118,0.09746821745957951,0.06523368805567042,0.05717016936559396,0.07224313450985058,0.06312493914297194,0.05591318627096274,0.06949980590982276,0.02825346929844527,0.026108507268789768,0.030448967643431676,0.004217497825396902,0.0001484090929987075,0.007825215241066073,0.09137840844141726,0.08419605057401118,0.09746821745957951,0.0,0.0,0.0,False,False,True,0.004217497825396902,0.007825215241066073,risk ↓ availability,90% / risk ↓ availability,Good / 20%
0.9,higher_risk_less_available,medium,0.05,100,0.10589204738818855,0.10096326673904846,0.11002625314713792,0.12429579705428054,0.11851696145997646,0.12929675601147897,0.1152684396800906,0.11086139386748267,0.12006779869031048,0.13550239683604043,0.13033514518531167,0.14011890409495734,0.02961034944785182,0.024869226481568023,0.034082803933861615,0.02023395715594975,0.015567170379599593,0.024857986691792074,0.01931885341102086,0.014687963928794645,0.024011109059700202,0.010291496036830914,0.008927219676577823,0.011302358516075875,0.001830207489857763,-0.00045292311869721,0.004319560770244845,0.02961034944785182,0.024869226481568023,0.034082803933861615,0.0,0.0,0.0,False,False,True,0.001830207489857763,0.004319560770244845,risk ↓ availability,90% / risk ↓ availability,Medium / 5%
0.9,higher_risk_less_available,medium,0.1,100,0.18482007291267638,0.1774550482252554,0.19138125258133792,0.21593879911135994,0.2093154008445037,0.22250988435755578,0.20058238384500993,0.19303117584826876,0.20760111002843995,0.23446568191672615,0.22743909589467423,0.24144455213652355,0.049645609004049705,0.04438542193223322,0.05417374057594356,0.03388329807171614,0.027616204239880253,0.03946289849942888,0.03250101213519982,0.026315004507522863,0.03719071083028182,0.017144596868849834,0.015697318534540042,0.018788328925970293,0.0027645718730326175,-0.0002599358605881675,0.005486790798229996,0.049645609004049705,0.04438542193223322,0.05417374057594356,0.0,0.0,0.0,False,False,True,0.0027645718730326175,0.005486790798229996,risk ↓ availability,90% / risk ↓ availability,Medium / 10%
0.9,higher_risk_less_available,medium,0.2,100,0.31359595584685307,0.303164789921042,0.3231053017896119,0.36528220957073804,0.35664771834973663,0.3761818798107264,0.33857138622226535,0.327643899804283,0.34859855309088944,0.39427664950713953,0.38335864369881434,0.40567384436208315,0.08068069366028638,0.07441305475675808,0.08554944313331524,0.05570526328487401,0.049027821685942545,0.06128744743278463,0.05369575850437945,0.0472227694697034,0.059349031367303746,0.02698493515590686,0.02453415097954447,0.029314817179794443,0.004019009560989055,-0.0002994915743016225,0.007266626295728946,0.08068069366028638,0.07441305475675808,0.08554944313331524,0.0,0.0,0.0,False,False,True,0.004019009560989055,0.007266626295728946,risk ↓ availability,90% / risk ↓ availability,Medium / 20%
0.9,higher_risk_less_available,weak,0.05,100,0.0765652668804794,0.0722088971544448,0.08112434232618053,0.08875590312310477,0.08455958940773617,0.09280383182344723,0.08396791543039704,0.07920929644348026,0.08811894802845183,0.09726899226739658,0.09251929267688702,0.1012698813585907,0.02070372538691712,0.01831390056004477,0.023999206579277108,0.013301076836999508,0.010834376253031488,0.017297455828301042,0.012745856539812393,0.010403215715364306,0.016026598645053507,0.007957868847104676,0.006979513718153481,0.00892714209683841,0.0011104405943741843,-0.0008979030019443201,0.0032757507535878046,0.02070372538691712,0.01831390056004477,0.023999206579277108,0.0,0.0,0.0,False,False,True,0.0011104405943741843,0.0032757507535878046,risk ↓ availability,90% / risk ↓ availability,Weak / 5%
0.9,higher_risk_less_available,weak,0.1,100,0.1400772300604739,0.13372177334892646,0.1455642500965522,0.16169080118655138,0.15571616042902836,0.16739449580968915,0.15349216614960084,0.1478528650948269,0.15968976985489428,0.176908695904144,0.1707873588591903,0.18320165047244727,0.036831465843670044,0.032512591918568,0.04133048060682867,0.023416529754543072,0.018727333390261076,0.02809750090002461,0.022515050440310273,0.018111238446077493,0.026898276052764136,0.014316415403359713,0.012859979265029206,0.0158010499724108,0.0018029586284655735,-0.000753163433160665,0.005028611089173699,0.036831465843670044,0.032512591918568,0.04133048060682867,0.0,0.0,0.0,False,False,True,0.0018029586284655735,0.005028611089173699,risk ↓ availability,90% / risk ↓ availability,Weak / 10%
0.9,higher_risk_less_available,weak,0.2,100,0.2512173089344196,0.24333762282073085,0.25909473417449325,0.2890315807373576,0.281364572623988,0.2989713323587791,0.2740354700473255,0.2649148796529897,0.2828400544036106,0.3148797154474993,0.307272838569996,0.32442555296529074,0.06366240651307967,0.05932234355008056,0.06848456230880136,0.04084424540017382,0.03430737185777233,0.046177278386407485,0.03932925860155588,0.034055663918524,0.044378396230186336,0.024333147911523734,0.02266928871990213,0.026136837105087126,0.003029973597235837,-0.0008030062153574075,0.006455088821159457,0.06366240651307967,0.05932234355008056,0.06848456230880136,0.0,0.0,0.0,False,False,True,0.003029973597235837,0.006455088821159457,risk ↓ availability,90% / risk ↓ availability,Weak / 20%
0.9,higher_risk_more_available,good,0.05,100,0.15535578592342197,0.14920086297992247,0.1604173652391542,0.15553829092949129,0.1493504622554055,0.1608306626526154,0.16847934851108318,0.16248666552160645,0.17444014481997694,0.16866877619006723,0.16232312834530926,0.1740960413453089,0.013312990266645154,0.011561336004188788,0.015257897914812016,0.00018942767898407205,-0.00085920860486657,0.0011656871022517115,0.00018596634252667779,-0.00060477478286826,0.0009753898072805096,0.013127023924118455,0.011516188702544842,0.014874216153003212,6.922672914778085e-06,-0.0009039713682031226,0.0011546158701657642,0.013312990266645154,0.011561336004188788,0.015257897914812016,0.0,0.0,0.0,False,False,False,6.922672914778085e-06,0.0011546158701657642,risk ↑ availability,90% / risk ↑ availability,Good / 5%
0.9,higher_risk_more_available,good,0.1,100,0.26172182241348874,0.2544402855326756,0.26895510868829503,0.2620491764420781,0.2547266834432146,0.26906008146518434,0.28244415227766845,0.27545017194708077,0.2905630566003885,0.2828502846684124,0.2755372548296208,0.2903125701917846,0.021128462254923576,0.01842392859125653,0.02396471097963626,0.0004061323907439464,-0.0011061774046847899,0.0020772984566231507,0.0003667432096666436,-0.0010458898318823225,0.0018135693544767747,0.02076171904525691,0.018470678919918417,0.023134300345121227,7.877836215459749e-05,-0.0015587646620219826,0.001568552518322129,0.021128462254923576,0.01842392859125653,0.02396471097963626,0.0,0.0,0.0,False,False,False,7.877836215459749e-05,0.001568552518322129,risk ↑ availability,90% / risk ↑ availability,Good / 10%
0.9,higher_risk_more_available,good,0.2,100,0.42452729569908887,0.41449033998349283,0.4353276691833123,0.42571048784658416,0.4157247166360654,0.43719712150502144,0.4546837952895051,0.44390364894330386,0.46445695223725775,0.4560997646332183,0.4460233799441976,0.46724853258142796,0.031572468934129516,0.02842006833725479,0.0347325765026912,0.0014159693437132397,-0.0007028297070779299,0.0035691107136325167,0.0012995807456043242,-0.00061538198765722,0.0031495240374875165,0.03027288818852515,0.027696973054440473,0.032977320726180925,0.00023277719621781853,-0.001853055916774965,0.00220899204616358,0.031572468934129516,0.02842006833725479,0.0347325765026912,0.0,0.0,0.0,False,False,False,0.00023277719621781853,0.00220899204616358,risk ↑ availability,90% / risk ↑ availability,Good / 20%
0.9,higher_risk_more_available,medium,0.05,100,0.12469288395980394,0.1191942841666354,0.12918090700096943,0.12429547732412223,0.11867259387104369,0.12914883091362567,0.13591934714306952,0.1309433599738152,0.14060213641499492,0.13550239683604043,0.13033514518531167,0.14011890409495734,0.010809512876236415,0.009219664781498015,0.0124108255239971,-0.0004169503070290889,-0.00146453594406762,0.0006560185943948218,-0.00040717847135538876,-0.00126262599859647,0.0004521696930887,0.011216691347591836,0.009492064753475336,0.013089379846979764,-1.954367134740849e-05,-0.001247340769838675,0.00110882981353624,0.010809512876236415,0.009219664781498015,0.0124108255239971,0.0,0.0,0.0,True,False,False,1.954367134740849e-05,0.001247340769838675,risk ↑ availability,90% / risk ↑ availability,Medium / 5%
0.9,higher_risk_more_available,medium,0.1,100,0.2166637884380723,0.20999279442428076,0.22352763100793988,0.21590235407297176,0.2091379353293299,0.2224388977994184,0.23521899539853158,0.22874597548231523,0.24188544931505637,0.23446568191672615,0.22743909589467423,0.24144455213652355,0.017801893478653776,0.015688173105791965,0.02010069349014763,-0.0007533134818053512,-0.0023634625087704973,0.0010031667007241974,-0.0007573739234529354,-0.002384276381400525,0.0007382684711378313,0.018559267402106748,0.01649269301731369,0.020698901479760633,8.12088329518058e-06,-0.001360030476551585,0.0018004528596531398,0.017801893478653776,0.015688173105791965,0.02010069349014763,0.0,0.0,0.0,True,False,False,8.12088329518058e-06,0.0018004528596531398,risk ↑ availability,90% / risk ↑ availability,Medium / 10%
0.9,higher_risk_more_available,medium,0.2,100,0.36630397635886164,0.3565932393772334,0.3764231099889724,0.365223465247521,0.35623243335042154,0.37604264617512323,0.39554510953058625,0.3845206310035801,0.40637401835780185,0.39427664950713953,0.38335864369881434,0.40567384436208315,0.027972673148277834,0.02467698519110497,0.03120590212574532,-0.0012684600234466673,-0.0032327563973229474,0.0010082452321085625,-0.0011744855673936556,-0.002965146129682935,0.0009117829150596343,0.02914715871567153,0.025617611423073894,0.031839528436819406,-0.00018794891210601535,-0.0022327438602762874,0.0021733009890471523,0.027972673148277834,0.02467698519110497,0.03120590212574532,0.0,0.0,0.0,True,False,False,0.00018794891210601535,0.0022327438602762874,risk ↑ availability,90% / risk ↑ availability,Medium / 20%
0.9,higher_risk_more_available,weak,0.05,100,0.08996085136218662,0.08599902005942862,0.0938957743665754,0.08875255618628895,0.0846008983228999,0.09282728367059827,0.09872151215915836,0.09458125087016081,0.10273569947353645,0.09726899226739658,0.09251929267688702,0.1012698813585907,0.007308140905209905,0.005853335173838447,0.008726261260244082,-0.001452519891761725,-0.0028231711264442277,-9.969366507730295e-05,-0.0013304075338296808,-0.0025557831555020898,-0.0002691357544776312,0.008638548439039636,0.007311128399504375,0.00978151332934585,-0.00024422471586407833,-0.0015554453433280374,0.0013083000026247573,0.007308140905209905,0.005853335173838447,0.008726261260244082,0.0,0.0,0.0,True,True,False,0.00024422471586407833,0.0015554453433280374,risk ↑ availability,90% / risk ↑ availability,Weak / 5%
0.9,higher_risk_more_available,weak,0.1,100,0.16420583626430227,0.15888603027008275,0.17045817618597361,0.1616732642842634,0.1554571004190232,0.16764617449920977,0.17958853895760898,0.17353694354258034,0.18544650352711797,0.176908695904144,0.1707873588591903,0.18320165047244727,0.012702859639841649,0.01060599687269474,0.014728294286932569,-0.002679843053464967,-0.004333233890214715,-0.000999547314842485,-0.002606207516751908,-0.0038340430933681197,-0.001097935000832326,0.015309067156593607,0.013084905575173994,0.01704274464944057,-0.0001472710734261121,-0.0023676310408745622,0.002235519792504012,0.012702859639841649,0.01060599687269474,0.014728294286932569,0.0,0.0,0.0,True,True,False,0.0001472710734261121,0.0023676310408745622,risk ↑ availability,90% / risk ↑ availability,Weak / 10%
0.9,higher_risk_more_available,weak,0.2,100,0.29386716090954257,0.28631960301398407,0.30293949857435154,0.2889917381105968,0.2811381485982671,0.2990188466130554,0.3201052486124115,0.3119432647395886,0.32860990297962406,0.3148797154474993,0.307272838569996,0.32442555296529074,0.021012554537956717,0.019087786797684143,0.023343334027188647,-0.005225533164912164,-0.007846422999739307,-0.0029212292871947584,-0.005050477981928914,-0.007269353536197555,-0.0031229100505629805,0.026063032519885683,0.023586735023403475,0.028334600718880897,-0.0003501103659664805,-0.003247799628170705,0.002597850905686002,0.021012554537956717,0.019087786797684143,0.023343334027188647,0.0,0.0,0.0,True,True,False,0.0003501103659664805,0.003247799628170705,risk ↑ availability,90% / risk ↑ availability,Weak / 20%
0.9,risk_independent,good,0.05,100,0.15189895423381158,0.14526612556495835,0.15740382645888962,0.15555045222491412,0.1495547712107166,0.1608306626526154,0.1645699985772933,0.15782315070928168,0.17039285405707152,0.16866877619006723,0.16232312834530926,0.1740960413453089,0.016769821956255555,0.014942515889641714,0.01888476565917954,0.004098777612773837,0.0013985521004036801,0.00738817042569502,0.003875137801938145,0.0011183490510223474,0.00654468136938792,0.012894684154317356,0.011596741995820888,0.01435216571051352,0.0004472796216713702,-0.0022159378823347823,0.0029648097914724307,0.016769821956255555,0.014942515889641714,0.01888476565917954,0.0,0.0,0.0,False,False,True,0.0004472796216713702,0.0029648097914724307,independent,90% / independent,Good / 5%
0.9,risk_independent,good,0.1,100,0.25468321290657575,0.24602847129691366,0.2620713002658937,0.26205827071572296,0.2547222348295738,0.2690129257022538,0.27477176733848835,0.26635786617630625,0.2823523807229149,0.2828502846684124,0.2755372548296208,0.2903125701917846,0.028167071761836554,0.025714687386122745,0.030834458267847784,0.008078517329923927,0.00338307785750731,0.011776712655149334,0.007726787569535535,0.004531203765568732,0.010787696566344486,0.020440284192300973,0.018821115318664268,0.022182782156722352,0.000703459520776769,-0.003114770459081765,0.004167314967323094,0.028167071761836554,0.025714687386122745,0.030834458267847784,0.0,0.0,0.0,False,False,True,0.000703459520776769,0.004167314967323094,independent,90% / independent,Good / 10%
0.9,risk_independent,good,0.2,100,0.4107917984911586,0.4000622755641302,0.42062564439902456,0.42574565544717147,0.4157247166360654,0.43719712150502144,0.43968671629854134,0.43039422221662044,0.44846640002715493,0.4560997646332183,0.4460233799441976,0.46724853258142796,0.045307966142059716,0.0420184949104673,0.048699722613769626,0.016413048334677015,0.011871656026640162,0.020784917577031464,0.01568345264534492,0.012191294922453837,0.01926972456788727,0.02962451349671474,0.027557790757204083,0.03159436955154579,0.001459191378664163,-0.0026295853913512576,0.005402252707426515,0.045307966142059716,0.0420184949104673,0.048699722613769626,0.0,0.0,0.0,False,False,True,0.001459191378664163,0.005402252707426515,independent,90% / independent,Good / 20%
0.9,risk_independent,medium,0.05,100,0.12198116094131085,0.11726369312296483,0.12624236827428575,0.12430059985686331,0.1186164102873678,0.12929675601147897,0.13271472302905715,0.12759319616902307,0.13708953462599757,0.13550239683604043,0.13033514518531167,0.14011890409495734,0.013521235894729504,0.011643669990793073,0.015358961583303356,0.0027876738069832273,0.00018371352940466513,0.004903632275462847,0.002553556361267811,0.00037610286698703263,0.004796205328664425,0.010967679533461646,0.009788275474869167,0.01216025492432882,0.00046823489143080807,-0.0018850352620256175,0.002774631665500975,0.013521235894729504,0.011643669990793073,0.015358961583303356,0.0,0.0,0.0,False,False,True,0.00046823489143080807,0.002774631665500975,independent,90% / independent,Medium / 5%
0.9,risk_independent,medium,0.1,100,0.2111337295307673,0.20374709212367945,0.21750127182456172,0.21594133662512716,0.20929640197587382,0.22239070869522845,0.22904981618240147,0.221896020213537,0.23523604150527855,0.23446568191672615,0.22743909589467423,0.24144455213652355,0.023331952385958806,0.020763007116067086,0.025707690035789085,0.005415865734324616,0.0018237185137304724,0.008947324186519747,0.005111736414342204,0.0022855447115013375,0.00755414250870359,0.01822021597161655,0.016671582857192505,0.019913875709527063,0.0006082586399648108,-0.0024790717492860124,0.0043530840056366866,0.023331952385958806,0.020763007116067086,0.025707690035789085,0.0,0.0,0.0,False,False,True,0.0006082586399648108,0.0043530840056366866,independent,90% / independent,Medium / 10%
0.9,risk_independent,medium,0.2,100,0.35512636709014367,0.3435222784475869,0.36535814955278306,0.3652825089040488,0.3562790755570794,0.37633906543946893,0.3825353737438121,0.3716223668890598,0.3925835696232346,0.39427664950713953,0.38335864369881434,0.40567384436208315,0.03915028241699582,0.03588044841265052,0.04165649215048872,0.011741275763327452,0.00773710890544325,0.01622244710737743,0.01094870878861625,0.006977223342244977,0.014858735823901252,0.028201573628379523,0.025625298283517856,0.03053217096119758,0.0015851339494223752,-0.002655063603934155,0.0063257922846161165,0.03915028241699582,0.03588044841265052,0.04165649215048872,0.0,0.0,0.0,False,False,True,0.0015851339494223752,0.0063257922846161165,independent,90% / independent,Medium / 20%
0.9,risk_independent,weak,0.05,100,0.08763929427307364,0.0833167817699945,0.09208873288458243,0.08876359955103016,0.08462087205176573,0.09279853029638674,0.09596755377697563,0.09194460835116665,0.10052248080861109,0.09726899226739658,0.09251929267688702,0.1012698813585907,0.009629697994322887,0.007930613296991273,0.011358085121491186,0.0013014384904209144,-0.00081566092204384,0.0036921428463481654,0.0012128718841886831,-0.0006475467407535525,0.003165421219532009,0.008416826110134168,0.007227871622872628,0.00952432553130657,0.00017713321246445418,-0.0018221671945075374,0.0021611129119332964,0.009629697994322887,0.007930613296991273,0.011358085121491186,0.0,0.0,0.0,False,False,False,0.00017713321246445418,0.0021611129119332964,independent,90% / independent,Weak / 5%
0.9,risk_independent,weak,0.1,100,0.15940481674079587,0.15404844898348663,0.16584139962755692,0.16168939843224256,0.15555678546856333,0.16764617449920977,0.1740939653759236,0.1688824040331039,0.1800885045581931,0.176908695904144,0.1707873588591903,0.18320165047244727,0.017503879163348068,0.015041132150513939,0.019810809728190305,0.002814730528220386,-5.146049794157793e-05,0.0058129724250871526,0.0025496561098335133,0.0001963384951544725,0.004899076001166411,0.014954223053514504,0.013658036428037817,0.016149611024852167,0.0005301488367737206,-0.002098208729247585,0.003942915705971071,0.017503879163348068,0.015041132150513939,0.019810809728190305,0.0,0.0,0.0,False,False,False,0.0005301488367737206,0.003942915705971071,independent,90% / independent,Weak / 10%
0.9,risk_independent,weak,0.2,100,0.28363473442624626,0.27631923905247224,0.29159970663001505,0.28901592092446615,0.281222591153167,0.2990188466130554,0.308789375341111,0.3001306043182307,0.31669572811498764,0.3148797154474993,0.307272838569996,0.32442555296529074,0.03124498102125305,0.028056897635542036,0.033967122137843454,0.006090340106388274,0.0018544990482870626,0.009655749156083162,0.005735763302304065,0.00235675952851156,0.008965395705668393,0.02550921771894894,0.02341110325296152,0.027548915021185845,0.0007091536081684045,-0.003129453519152705,0.004501601317918136,0.03124498102125305,0.028056897635542036,0.033967122137843454,0.0,0.0,0.0,False,False,True,0.0007091536081684045,0.004501601317918136,independent,90% / independent,Weak / 20%
