row_label,Good / 5%,Good / 10%,Good / 20%,Medium / 5%,Medium / 10%,Medium / 20%,Weak / 5%,Weak / 10%,Weak / 20%
50% / risk ↓ availability,0.11360792908124093,0.1910838463364704,0.3086277434344095,0.09231603361887583,0.1595168886095478,0.2681907289393449,0.06646718692620991,0.12058182298667317,0.21380926794975605
50% / independent,0.08430420198632942,0.14134468785282253,0.22789645585163051,0.06775952439950371,0.11735740307618332,0.19717854769909426,0.048647887001469464,0.0885810698639653,0.1576140909656173
50% / risk ↑ availability,0.0716426538463119,0.11623330176331105,0.17952774179471756,0.05725164429363758,0.09609501743764733,0.15579831142360248,0.039226003224773105,0.06991484965354687,0.12036844765482947
70% / risk ↓ availability,0.08132456519774596,0.13578256945863706,0.21767976090697125,0.06669296208115276,0.11428343996762486,0.19011380014028753,0.0475952251545585,0.0857274816756578,0.15110803992667787
70% / independent,0.050450431488002136,0.0847345052665014,0.1365463478034005,0.040604063656682746,0.07043191073828227,0.11834201170954058,0.029145716274083296,0.05306768035617435,0.09458925822924709
70% / risk ↑ availability,0.04136095269273967,0.0662668978017687,0.10059408443772774,0.03309582039338514,0.05522918815567774,0.08788368319907398,0.022498195433498753,0.03958027127269566,0.06709140086496278
90% / risk ↓ availability,0.03571103032926767,0.05826702755588042,0.09137840844141726,0.02961034944785182,0.049645609004049705,0.08068069366028638,0.02070372538691712,0.036831465843670044,0.06366240651307967
90% / independent,0.016769821956255555,0.028167071761836554,0.045307966142059716,0.013521235894729504,0.023331952385958806,0.03915028241699582,0.009629697994322887,0.017503879163348068,0.03124498102125305
90% / risk ↑ availability,0.013312990266645154,0.021128462254923576,0.031572468934129516,0.010809512876236415,0.017801893478653776,0.027972673148277834,0.007308140905209905,0.012702859639841649,0.021012554537956717
